Address,Average Total stCELO,Average Total stCELO in USD,Contract
0x60ac25da2ada3be14a2a8c04e45b072bed965966,800890.904719733,382702.20749603485,"Pair"
0x8a1639098644a229d08f441ea45a63ae050ee018,502062.073746326,290526.43844952824,"yes (but no data on dune)"
0x87647780180b8f55980c7d3ffefe08a9b29e9ae1,262800.1860778061,127843.6181207121,"Gnosis Safe"
0x08bafb4400a102dddc5e5d584abf0aa38e174c57,117191.63500539275,68223.41148889594,""
0xdc5762753043327d74e0a538199c1488fc1f44cf,68537.66725720096,39226.96115166243,"RebasedStakedCelo"
0x9176779f5617db41cc11aef0d46e2113b682b55c,50450.87871194349,30221.447253631697,""
0xf3cf9f6ede5091b640b8d2eb8c165e13f043cbeb,45969.74498565143,25309.170854547956,""
0x7c9b206accb51f8d809d904f439bfaaaeb904f2a,43889.58260309781,25555.588236621144,""
0x46c5cfc2079309f4e7d9476a01730a60e2f1a164,34753.33693247457,19998.477581091633,""
0x7a1f69add7bc3d739438762d506a2d4ec1d423cf,21024.87250299245,12190.779194752477,""
0xa72dfb06e984cdab5ef6047f2c8a79db4335fa64,20965.682035560425,12064.50255338391,""
0x9fcd7d9e934ac04e5c7eae5bd7dc938fcdba84cb,18760.793381985673,10287.099611178386,""
0x1258fdb35c1cdd340827e0417b4bbe2356ec756d,18704.275443202758,10803.622044792877,"yes (but no data on dune)"
0x0a336306692f753c7cb0152e8f8eb70e3ce2dafb,17576.171026770757,9107.29717259365,""
0x6e42ce2fd45ff9b97a55d96f5a998dd8de2b2bfb,17434.211424065223,9564.79175949593,""
0x415b43b85db2e5493b58847321d75efbc25116df,16704.18349060969,9612.263699928182,""
0x9fba5259a1a4654212849e87cfdf5b28d5bbcb5e,15294.197530238736,9508.35707780883,""
0x3e48a1fbf1ecee44630832d87147bedf6916126d,14438.198276835143,8308.324035521151,""
0x8df8ca37b0ccd6ef4dc0e9a010bfd02e517c2e75,11583.878673746833,7158.434736554095,""
0x56dc05030ade425ee58e310776ea46e785eb2203,10877.517656670765,8303.375079767624,""
0xa265a3e7595b927a2d14e6131de5e4c34a5e787f,10223.518729378915,5984.391213675172,""
0xeda08159add4a97a81fe2e8d5ca20e07626f2e4e,9662.315183919338,5325.56508403648,""
0x8b4ac53a5a684e668a685777b3563cda1c4588c2,8270.973522740358,3918.046412160273,""
0xe3023a2232541b00124f0411759c858a6ad5b2be,8178.97998682752,4646.667131499442,""
0x52c60e6da29f07469be3ebb8886344a3bcb8e36e,7990.762860332777,4670.097473804309,""
0xd28c7edf73e247dcbb324f3d467e27ecd302d9de,6399.495498268202,4520.727588475067,""
0x5464d19f5561e7888ea0cc043715f4356d52d4cf,6108.635525577784,3548.7003614032583,""
0xe971f568c6cfb436c88ea943e5dde716d89a3b21,5941.658370951673,3419.070863809616,""
0x49d65f50c6445cdbaa04c907973b81681473f948,5928.5038833884155,4535.74714433145,""
0x8da20a81aa510c420d5a81d62cbbd013e7c76d9e,5446.966783194832,3026.7884197471403,""
0xf62c9d7cdc66061bb9c330ceff6e7006de6b79e4,5408.594812210863,3304.482402900203,""
0x1a14f3e3be186610eedcf69f7e76509106142527,5284.989687053833,2988.8496132477817,""
0x60cea5db2eef39c58e5f5237c12afd7937356bb6,3982.2417614365586,2245.4805998673974,""
0x864f2c20f55d7b6e80e65332c372c855a67be451,3954.1894890105455,2643.4844136144975,""
0x429c5b6389d44f74e89543b6f54654fc9ac1ad32,3890.715244299559,2156.743099409008,""
0x9c5335a9ce4397427d64419b1878c3b42833003a,3874.050429034859,2020.1339270213712,""
0x0bbf91036b886eb9f7b902a5de615b765917aa24,3820.3381601109672,2219.583087793987,""
0x494be2a0d940d15e7b34beec301b3df63d050e76,3419.318385792349,1855.8385542958551,""
0x1feadedd0a4c1acae53b582c5200b580704f91dc,3360.7964070693865,1901.9550658079688,""
0xdabd0fabd68235ed23432faf2272a46a618b7dcd,3226.512786023239,1484.6456917209198,""
0x9e9ef3da9f553c47f88363806835bdd8d45627f0,3153.8499482960415,1843.226602232294,""
0xfedc380d4b6b1915f1d1491e6f43b74f00c837c0,3088.137863191381,1582.562570060371,""
0x9dbd4cec1c3f22a351a2e25aa57dae1cf3db3919,2959.1706491612613,1611.6060196730425,""
0x039a4fc593206d8c8b4c6ffbfd358bf3430395d5,2953.464813941203,2155.69783811697,""
0x623e213f0eb9f65ade7f579fbefcd9df8743d8cb,2840.4700139127153,1578.8921394761019,""
0x36a683c003b0a49505ebd90f86bcb17606426108,2499.2516729508716,1911.8691023447739,""
0xa97b4708c68eaf9bd72618c4545cd615a4c9c2ac,2398.6636591326596,1437.450062282375,""
0x965e7c960800af447dae4443fdb75fd6c398322e,2357.37025383152,1216.8968344051978,""
0x4258658523ed894f1519230deecfc01cb593fc91,2333.384484573222,1365.4778977843687,""
0xbb4946437eccded9a99e41a71272cedf84fad828,2235.6353930617834,1286.4751484011688,""
0x962ffbe424a51da77737a7e5836088297d6b272c,2141.278549820286,1162.533100387101,""
0xa81185ad7d168388ad70588a26ffc3c8078cce43,2115.023606615947,1228.0830882754708,""
0x7a6f024e8d4a015afd417ddcacedcb98c3976224,2107.344756260189,1216.6328329635767,""
0xa3d85f0009b00b502e7c1ef39197d0bbbe3c33b3,1960.5489211511651,1145.8173298308234,""
0x61321f38df37a898f10cb502183e7bbf4372f8a5,1938.7879554447034,1076.1997201979843,""
0x8aa0e202ffb340a3f6f486427b7ae54e2da6b2f1,1922.8173262876846,1123.0140386930475,""
0xcd4846e7b1a2b17b9a9aeb89b16776806a6615c7,1851.2417302633648,1033.0391800237503,""
0x8744037f4c33fe344dfd2ce327e1caa23e4ce9cb,1793.7892790617727,1048.3568248870254,""
0x3a84aa862b9a4d3286d5b1dc173af8971a132160,1774.4986318860308,964.4818845977702,""
0x633a81cc3da1c3d627256c289026549828c4b174,1672.9017986825886,985.5298702290945,""
0xd8cc14daf1efc22dd73378d9fd0e94da5d7ce698,1663.9293213840706,1008.0645362779117,""
0xea614b27b7d6dea819f27e49dfd4639d4ab96a01,1628.8037504891208,891.1434081680599,""
0xbd5fff8b575c6071bdabe1dd0e40b74b3e002a8d,1591.9830829448065,916.3131458036951,""
0xe687660e45142b2baaf018097350153bbafef60d,1577.7341689214293,706.658202898639,""
0x2403a37e26aad0ce33fc21f263345d1d1cdf37d3,1537.865971151423,884.9503633723606,""
0x34b18fad06129f645e10432945e2e005ebc0c79c,1482.1893073377203,816.9362593580938,""
0xfc13e46954de5bc8e1b23cceac4363c519c2fe36,1462.4913163098809,796.8405061788955,""
0xb5c46cf3db8da39fec83706d8b6cc8b5dafa696c,1379.188266340688,793.6407855772188,""
0xacef3c5a772908a8a01471bf5ff0e6b6e8949bfc,1372.055865176716,809.2850949602222,""
0x24bfbb1b10e6d0feca1ca127646362e943a1836d,1348.3891491925438,760.8477119318313,""
0x7bfee91193d9df2ac0bfe90191d40f23c773c060,1343.0630777311544,831.1883167139953,""
0xb3395e17d758eae046c10c897edc590bfc5bd0ef,1253.6363573885753,732.6714718031067,""
0xeceb6b47276915ac7130ed51fc3ecf8c7f46f850,1251.5364498288477,734.9428230183712,""
0x098e55139f1ba999fdc14e61ef37fb11a8add42e,1195.1329419089673,687.7278976585673,""
0x27eaabaf44f17b4bce9f9455619c3014095ea639,1167.7766191624446,636.2647777391079,""
0x874ef95b06d1393b89aff77ee59a3e3086d8527b,1107.4839943821266,627.5944948007258,""
0x18f30730822d08cb53b90f73253d536408f939ab,1096.0577145487946,645.8322755410296,""
0xd9899bfaaab84d21e1439ebc1e9ef83111b6c881,1083.3603244178257,594.3975103527873,""
0xd25e02047e76b688445ab154785f2642c6fe3f73,1071.6318958665254,607.7028195411303,"yes (but no data on dune)"
0xd283b37247d7f34ad7c926d9ff4342dbf9bd7904,1056.9692015678047,631.4849224653339,""
0xcff1a0feecc2d092b627fc4f5789fa07e011f45f,1053.0203752038103,805.6390370488675,""
0xc3ccd51096989547e717587aadc7572a1af963f6,1031.207948546411,603.6230724573672,""
0x8367ab75ea0640d71999ace82b95e1b8493a904f,1026.3513097913558,785.2352151629666,""
0xe81445a13979eed9e7f1c588a42386e626c746fc,1000.4266816397019,451.19393405952803,""
0xe2f34d47cf1549fd22d8cba050c8cd9ee47b58a1,1000.2336329262718,676.2443322836925,""
0x6e02f4ad421ebea80e3c65fc0fe272ac2da82c4f,988.4833678596698,568.8133634428524,""
0x0ee4e42b1096530f80a589cb13461930704517d0,986.3993159972798,567.6141155971329,""
0x2205eacb52c2ddc1518881e06f4e8310056881ef,966.35879388871,525.2388105460496,""
0x9d34535be508876aa1af456fab0dfe6cdf4dd7ee,961.5801631090806,734.7472489523009,""
0xbcaf4f3f3dd450c43fb675da19b006f4d18010f7,948.4951411381375,536.7760852121975,"Gnosis Safe"
0x89d6b771e2b63000870e2212836fefc8e74c6755,939.524677743785,536.2522658866558,""
0xd143ed1ae715fb149cb2356ca18138e29d308e72,878.273536113013,620.4308696544908,""
0x6c2d17e78b3c68dbf218f687a1cca61d395637de,869.5434593348251,496.2659702262405,""
0xce6fc27ff3f6c0ecc2e926c9f08a3568097664cc,830.6022051675332,486.19743067324305,""
0x1faf59040e9087675a7198e3c79d34de2f5796b1,796.0930399722098,466.40344690983864,""
0x14255981cd91a61a4799099ec6050d18ff476c46,763.8073981250234,408.8425313023258,""
0x157c41a2a1b4e5810be2b009c093f3d78945c1db,747.3154545556876,431.41096785516834,""
0x702c4bb26c59c2b9aaf5b73ad4ffe5089943bbef,746.6465060034183,429.6506387378599,""
0x2f722294bf0be485e5ddcd19a80a69a045969770,741.0929767614175,432.98093170557365,""
0x771bf3fc3503547e8a2da74513717ce4821c760a,740.5731314892301,424.0429708246705,""
0xd3846126de0e98f17fb0a2b0d5fda13861c29999,736.041514592821,427.6047049855273,""
0x9408716d163b3cac448c4b263cdebb91fa7df1bc,734.3987527161257,426.42677152163066,""
0xb8db9f3dead25eefd5081728d7fd49ee7454b59f,715.0968133768037,415.219149441484,""
0x40be056571c942e9d567e9743cca19a676618c3b,697.1608827802308,401.1746069674976,""
0x62b489ec2a90810a70076dcb1dc2f552f3f77b78,675.6953519851562,395.32522655857304,""
0x628b1132b0ccfe847f5b537beb8b35844354b3e7,664.5206764551099,508.4078242785549,""
0xa068404c922fad78d8bf91c845a9b431fd0c706b,653.5883276064666,358.3951127581254,""
0x573c3e35fc7523df87e3b285097f5270dcd79388,644.4750833032331,376.2882713063227,""
0x751f556a157f8cb70d5f37086664b437f339d914,628.0479738144504,361.4042400757743,""
0x3cebf7d0701cc8b431ac40bbfcd0ef83a8b48220,612.220392613238,346.47016245088804,""
0x6d4a93e2da64f08918f2bf334bce6643cfea85c1,601.529982237379,348.00523296114545,""
0xf7fd51d60c027f66b27a0f6c571c8526f58fcad1,601.1835245099392,333.3056790621899,""
0xe8cfc9b74421caed46ebc4bda27f47862e355e80,596.8793083465607,342.2690076129326,""
0xe462482bb3dde254cfc5c91c7f3a13da9a63c62a,591.1273106522863,302.93205725342386,""
0xd495ab5a0cc6921294656f72f2ec7919a8061e8c,590.8280902913885,348.0650995839211,""
0x2ca04bcebb0470858d1a36af535fb2b42fff251c,586.3646552333538,328.0389877705346,""
0x686dc2f89b5428c031d412ba7c45b8c76e874784,552.0922436239907,323.17013929726886,""
0x31d69cc43a809417c1f44d41751ef8674d1a3baf,548.6776077716369,315.7313169549146,""
0x86773e19832d3ea3e9a4632b49f50ae8de9bebb6,546.256548486172,266.3667106859242,""
0x880817a459f83f468eb8c32d623b8829b18f4ca8,543.6200041281769,328.1127050330564,""
0xa24dbaef7b10866d9f195ca829395676f8da6c10,535.1680551882041,310.74397274150596,""
0x72b16dcaf9087033add79d0dce135886b14a3e6b,530.057962389058,332.13650728779334,""
0xda5ac7ea38e059cca1d4bdc41f09d7e91ffd3007,522.8656203570715,303.6005951860665,""
0x9ba29ff77959d5c3ac0e6784c47865d82b536fc8,515.9923166905232,290.95439358539375,""
0xe8c2e133905bc26ec03b1b8888fd0c421071b25c,515.4591361319691,299.300038921836,""
0x84f6d83a6db3427d23b2ab54a82a7816670ce3da,504.52266098995005,221.3097782049423,""
0xd13f92c6620352870e32ffaaa4cc4dfaceb42a63,503.0571068680718,214.66352252852985,""
0x7a0b072da2b94d66f83d9e75d1f26aaa17672dac,502.1953186167232,344.03465352013853,""
0xd7194e7f4744566ae55d050b708612ffc09aa1a0,498.3973889420159,285.52934060236714,""
0x31b0418e6bc694ad3f541190e98a404b4c2a9324,497.68022372594675,283.96783232099557,""
0x558cb424c4d85e9bcb25b7d4744f5de4e9727818,482.9760454690477,270.19870938508416,""
0x073911559c5731dc9fa18fc58cecc6b3b1c0a2fb,481.50673884240945,271.5088901046554,""
0xe1ade6bd29ee1c4fda02423c504336920096be57,479.8381576722552,293.9461410551959,""
0xe43f1e7989357cba80151df00401d21a8754da9e,469.7309732295771,267.38736772646763,""
0x078e813081e91145cf35408f299fd9833c4a6457,461.3676628165018,228.05505073905505,""
0x41f6adf5c955974c84f2b5bd3a2f6ef460fa7e1f,461.07545068088325,251.21762530135243,""
0x35c9c84f1f84401e7408ed366b6b013f9fbd3404,454.14480789363364,265.41902909093153,""
0xac5a3bc86b172430e1fb26d77c99c2274bfe2960,452.9692743646717,204.80272231555426,""
0xd607581d480dd20294e27b01a4c545c82a724e68,446.3978878903247,229.0014707486847,""
0x406d7cf4781f7710e326a9ae1640c684cda05341,446.35475931264045,206.27124679259464,""
0x6582eacf97e09087fc75631d25b0020f97963584,440.53195509996857,254.94242596607398,""
0xcf8d347fd8e8874ac9c3289d48b4fe012f555fe1,430.7210618850902,243.374421964459,""
0x6c2ca70c41786a7bbe46bcebb31420cdb1fb61de,429.46641565192266,250.99606356436271,""
0x5e73e3e5de5349433f07857207829006f7141ed8,428.76418951628733,251.68779497748199,""
0x0493c30004aa8de603ecfc2f3601e5bda678125b,411.9699849999672,241.0343424278396,""
0x7fedbab68950cc958d8b24278aa0c9c68393d809,402.62740125914956,231.68811309426567,""
0xe5fa6ba6c5ce137106bbd4a77e47579982c742a4,395.0015561495604,215.64131150473503,""
0x2d1e7b6e6284409e16991de76d2a82847a7d61c5,385.17328500760266,221.64430771141747,""
0xa3b5d9abc7907334d4a8ac3352481281c09ad2c7,383.7199795489752,222.99474053520166,""
0xb0997e52536d2144e623850f0d9d8d8de7e50526,381.25160534525656,215.04926426918175,""
0xb20a5840d6231e488e61553dab217b94a3822a27,380.962322269658,218.4711202837787,""
0xf5f822b18a46f741e0cd901b992a676aa7222c77,370.9569651123464,217.3190852732531,""
0x08457813448cdcf5ce0afbe3f00257df524d32cf,369.45841452425987,216.26445338665297,""
0x0caa30b7a830283794817dee2e7e7cf3bcb060a3,369.280110391036,247.56075413984792,""
0xb1e458e669807776081c8bc887ebde431b5e8344,366.91959400223374,214.77834125370885,""
0x886314e249c06b65bc28c52d678a2d1e74c606f5,353.395516259102,166.5578577108188,"Pair"
0x2abe4363b3a1dce97b68dad882427091c957ec83,352.7504561140418,198.90663431562115,""
0xf60fd90fc72e1eb4d2054a24f5dcf7658f166eda,345.9756309702149,179.5152183111694,""
0x238d9eb315ab2ed2c6116f1340c261a5ea767bb5,326.9038753712671,145.76990320912694,""
0x7dd344e58c635903ca7629acbd463a7b4fc8bced,324.8909622315523,177.0173100588067,""
0x5b0f1ca39f3c610b4f5b3e4ecb0586a34ac3eec5,318.2215170463631,188.10906552246792,""
0x2b0e72406854d7f2fad5dccf5453e76b03bbc15a,311.74182444193127,238.50572046399833,""
0xca4ad39f872e89ef23eabd5716363fc22513e147,310.81571303597866,219.56674681858908,""
0x00275755e834b16fe7cc6083cec67e81425d0356,310.6300543610621,219.65394248938014,""
0x8d07d225a769b7af3a923481e1fdf49180e6a265,309.3518907433427,186.84552582804423,""
0xd828fada892933f44c3030b3c16a63496b5225b5,305.26586822785487,233.25487097637682,""
0xde2c389ad2c41170b58244b534249a3640202285,304.57759005069016,178.00641299645525,""
0x4606728ba59b46f637272a5286806e3a9de18b23,297.1579302666173,164.95560881387487,""
0x60c0e586727467602a6ac5b7c5bacb94600ccc75,293.3444254753219,224.14564888339535,""
0x31d06861591b990e980aabc970d7822292d55e5e,293.23101138817634,150.90316619648252,""
0x05655ef61e8272e495c3692ce077f968ede38a29,288.55736915251043,168.90859500605748,""
0x3319c5056371681bdd48eedcce6997a8d44179fc,286.7011045953581,164.97942697890514,""
0x8e1fcc4d6104c2cbb642828e1b34b2f568b709b4,283.05091719566104,162.87896131652982,""
0xfbc2d56bbbe15c30c8bd5cd7a4bc82123c48309f,280.81384380489646,139.4234781712587,""
0x55e17193366f019f67ee637e594b0b25a56ee48e,272.7577616172927,135.8488077945335,""
0x4bc92ef470d68964a79d52ae661eae28ca6564c6,267.63201447684366,143.68686877519886,""
0xc35c68d57f38a14543c882f37f8768e0eb30664c,264.21179303727325,112.74392790127916,""
0x2251419730622aaeb483b8d5715ceeb29a0d6385,262.7462681132244,130.39072576013686,""
0x4e36ee1b00e8c2d9dc9bb084eea467bd86f270c8,258.4030658437789,148.41284315754396,""
0xc81f7b9bbd22a92a1e8c6512ff18e7606c0d097d,252.89273630567922,145.52472262610823,""
0xbe1d7136dc7da1a6c01fb8a8732c0a8095380494,251.8993774605843,177.31416521166722,""
0x27f08c1f502c6a9ff9e21fdd9c2fa502148e55a2,250.64425546724058,146.48577673250765,""
0x26c69f26b1fd4b8b1f83c2f41fe33d8b84924c7a,248.1789759580479,142.73303369569734,""
0xe324061710fd79312b7559aa66a9c3e74cb2b50c,247.42081149952438,142.375955479692,""
0x9c7e597ec0f992da2fd10814f1d1deafa83c7439,237.50449108448836,181.67547736735543,""
0x06677920912dfa402f6400afb4c16b8347fe2a17,236.41130127881908,138.16751168548922,""
0x07720191b28e2b423b88fb2a54745cd44dcb6c0e,221.92085239275121,126.31413132959432,""
0xfe4e02baf74090796d8d5c311f2c0b57576c8365,220.5227455028045,168.50231192967493,""
0xe695cf91811dbc72733e3cc8c6dd679695e0d895,220.05254504694474,123.18561250577545,""
0x99e2626dafc34ae5dd249edf01d0b04407ef99a0,216.97371576598866,125.15114801231815,""
0x6bb804836470d36c10b436b7bb0b6863ac5869e0,215.26935517959447,123.87470537922339,""
0x0e440bd9798ad22cb8fd6f1a433f2f16e8786770,215.11198978355407,128.68257363239942,""
0xf07de3eb4cd58835b218a59fdfc84100d7d0e994,214.12798542535666,129.3312154490575,""
0xb5ef3f16b78a1c9cdb375bbdd57bda8e92f1ce39,213.41904449034556,123.92122642728313,""
0xee5abcbbac76dafb37ecdd9b28f942730b7b893c,207.95961382015673,158.90277275843704,""
0x0cdcab94fdc1cfc8a55a3566817e8803720a372a,206.07403343785367,120.62653453435927,""
0xf4330380719a7d7a34dc4220998ef7359f2ac235,202.23734128422333,114.32276912537431,""
0xfade4d4dd226240f9039022947ad95ded6ff4d4f,200.04615970296572,123.66220147396662,""
0x628b045b58c8a989fa6184b3e5bd11999fea3304,199.85124202367342,92.79026974401638,""
0x4d3f684b8e08d6f36619de58bd9523108459de3d,198.53600951439074,113.35317143930209,""
0x5450a98bd84b8e0708a2a3d55e6c048f15977cd1,198.43716916510263,114.18878384295127,""
0x55d94cc482147eb05644964a84783943a2dce9b9,198.03512872118839,107.89972593448097,""
0xf38560b3ef42a677f9155569d5214802c3415ff5,197.5488857726127,112.47489979093511,""
0x084e0e0260bc4c90de87acbba2b53f0812b8e7ee,195.1110767784396,107.25760603643295,""
0x34b1b23cfb1a6dbbd4b1f299aa2e75d01fe014aa,188.59468625598308,120.47739701510979,""
0x6baa5710dafe757d78d7727dbc94365fcd6c5838,188.52045571400336,120.42901179820392,""
0x0071013a72757fb9ad3bf70560ea6044b4795917,186.66554676172765,106.91532180750308,""
0x5988d7f4dcdfeb0d6fdc3ec2d7aef1545bbd834e,186.03243056803714,108.47097896408204,""
0xea3904eb82acb0fcbff40a7457eca3bc3c75e6ae,185.71634844833397,105.10132330291262,""
0xe95be2366862b39819c74be94996e6c6cf262139,184.65380168721674,105.56024743709541,""
0x9d422d3de7c25b114ae5751f4e44c90c2e0d7bf3,182.0984822258018,104.78684166125647,""
0x5bd1ef67aa8efccc7498892311a9f43417d56a8d,180.08899256154302,116.67660463986542,""
0xd31645e03a821c0c87409382fa4b753c6dce5388,177.56097631193254,104.90309443432012,""
0x2b91b4f5223a0a1f5c7e1d139dddd6b5b57c7a51,176.59568917650282,135.1088585988683,""
0x0d6e94d085a597f316be1833649e05a45103e873,171.53263297726568,104.6187820486322,""
0x9e66717f8ad44b9a465638bce39b344746c75010,169.1464309798042,97.33370681623401,""
0xb91f22ec5708c831803158e7c352635e0165ed6d,168.5645764500109,96.99888415468249,""
0x054fe24a3875df56ece8088b145d7b8d9c80f065,166.5471075665184,96.32692390682935,""
0xe0a46db77fe3932a901214bfa0a1389d3e996332,160.8430615401756,123.0568218119106,""
0xb1ecadcb6afcfed0c5da7e55a3c2830cd225d16c,160.5315662517883,77.36506945604789,""
0x6c082b7d49d76dc357339a3a03e96f5cfe62382d,159.26446921413725,91.64722579681775,""
0x40380492f27e27b71966d1a98a38bb001ad11083,158.6206813485743,92.10269597255086,""
0xffd0349365668b23bca576be07f383351ed99370,154.86583063939608,83.15330711957918,""
0x0fba83a04d487beb8564efb1863c11500ba00557,150.00014158758543,86.31615647523097,""
0xe9a19a362103200513bbf12f86625c5fc5a54da5,149.55698511135995,81.54059659365541,""
0xd81e101a3123c447efb5cfbc88fa598601b852a1,148.67340543023508,106.76141326925774,""
0xf447b405fc7b41ddfef3cf66ec790eabd6b26a47,147.7684130348144,112.91043547355382,""
0xaee4720042b41d65fa8a2273274fb32aa25f2ae5,147.70956601681615,113.15217449935193,""
0x3e4d9c41cadd24f24bc65ec2fd156c1c7d2e655b,146.69690596245644,86.22783684782972,""
0xd1f7f9ae6389f0316508ea6f1a75680f649df45d,144.46787873044389,83.23875938924512,""
0x2942b101c4179949caf012f883d72f6151796188,142.3424790729822,81.17830086171477,""
0x076729ae0d6eaf1525ef32600cb611477ba4b8d3,141.82985942403386,100.360832063554,""
0xd541463231e27cfbd9b0b562c23859bad6113bfc,136.65175130053098,83.34472302870162,""
0x121b3d909d5c4553ea4f519272a982d735e768b0,135.30591121152037,75.00422724131548,""
0x5d3569869d3ecfb0f61bc5f72514dbb3e5eeda94,129.70704708541183,79.2029882203556,""
0xac9187181f698cce7230cc4da4e3615b6a7138c3,125.90683918215854,64.61786718425391,""
0x8ed93e2a1f9a593434a8299b542849dd2a13a6a5,123.6810185468825,76.18212730057283,""
0x44909bdd05dda8a13c681414cf684bf148d5f411,123.5003204280471,68.28048665729739,""
0x16bc994c868c71cbae479850a8181142c5980a64,117.49353672338948,89.7772813844888,""
0x23c04d705d1c1ebb23329ecaa9c26e42d88fb902,116.49357154461036,67.64169660292714,""
0x9a03484aca9c6ef684d60c8b2efa83009918faa3,116.3200870720157,67.13959357073557,""
0x3ed68cc51886aae368a7497e8cc6d393534f2def,112.78638190651404,65.91653468229734,""
0x5fe41d84e29c6581d50c6cd84cc3dffa467cb847,111.99844298011502,68.15901656007284,""
0x24c629b59533cf5a704c87998f6223b002338449,110.28779530147825,70.27405971255833,""
0x1bee9340b560b8ea71821b0434ff02a2c46dcc97,108.94019041719255,61.31839513611288,""
0x0ba99799080fed90ac8f464e5ca2ed488c7a33a4,108.8204905765074,67.34915396648722,""
0x6b4ad86fe228a763dc551fbadc81df876c71e8fd,107.72869863767538,42.30236673754918,""
0x50a976575f8c3f8d46ac3a002e79665bfc206ee6,107.63992238485008,63.00760264755804,""
0xa313befb6819069175c8302e32b3661ec0011ee3,106.92722351399874,51.096100458768085,""
0x4dbbc28aeb85f60f0a1be65226ce2ef6e5c65e21,105.73144812840255,60.84215737673204,""
0x2c71883c42052c1b2a6aa7f0b82ad38c7c10d139,105.65997882323187,59.57886206898162,""
0xead883e02a6222778abdf6147abd719039420128,103.96581243994522,56.68364045574287,""
0x9fd89e525e5011eab27fe9ed1c3a20211a0cdf2c,103.42362297704413,56.35051036872014,""
0xc4f7291c8759ce2c2a57ce2fc5ddadf9732ce61e,102.35065864859791,57.922685615827575,""
0x819e90ea77324d89e10f973225c85782853a7f49,99.48550772389693,57.24799030739308,""
0x420eb07d9894566a68841e13968b54eddbd74d1c,99.09900922883023,57.02558342014267,""
0xdcd52c20904d32635fd543cb061efb1f1b9938e6,99.06500809913761,57.98421132437217,""
0x508c60824e480343b3925b1c8ad8b4e237773531,98.75451716942469,56.82734873723234,""
0x6813baab234a64d2bb461b344cd5d769bca64a69,98.64136592550273,57.68629862298417,""
0x27a0388da4efe824f2c146f40381865393e11a33,98.57767067826468,56.725584103935965,""
0xf5f9517a4913629b4a65a155de797402a6695809,97.99399802007612,56.397370587072814,""
0xb9c52290ee78bc1cba1b80e5f662038b471f249b,97.14362824605945,68.62429900920955,""
0xa5ceafa5ec0737302b2660f44981956b087a2ca4,97.1413413785233,58.67242306454962,""
0xba92007014935a3fd443771329a00a9051187edc,97.08833238556014,53.67790594433133,""
0x7d6a63d9ca9df5c227b74bd80770ecb04b77a6e3,94.95452667630889,55.38890978110807,""
0x01a94f469706282e1e2206e3b043c446fa0fb5d4,93.38919750252984,62.47912884610551,""
0x29a6520a99656e5b17a34471d5d458efd3696695,92.83841204611991,56.689900980039795,""
0x98c1265c08c81bee4a59e63e474c7e083ec74e15,92.6633360038337,65.45932648316422,""
0xfbd189d2576e7a5b509a3ce1239bb5b519c27435,92.58306947866788,51.771705974668244,""
0x59512b1910240339c0b5c4577b4c7f75a5b2e597,89.54053741837674,49.26679750915693,""
0x2019a6e7aa880bdbb76e66b17b44c4796e993f7d,88.32553488169611,67.57561443684621,""
0xc4e599ba73c02a4cbc06493fe09fdc00be725783,86.99814109783004,47.70542445684217,""
0x58b6a61310f81cc93b099d2498010afc6fbd7a21,86.71336947275258,50.34989786580051,""
0x64d2a545d7f0d4c0ba041cad6034b24c27b48b3c,86.37831302938753,49.70557963878727,""
0x44ccf8c72a87ec0b82423ac9cc8287f95833057e,84.69780746915032,51.55104650860258,""
0xe37f6e92e995223ba1cb4725898adc590f86f7da,84.01134821880581,40.18640836372467,""
0x60a0a52680600f23f846d7e319610f1bd614645f,83.14924742240721,47.84744451137373,""
0x78e87757861185ec5e8c0ef6bf0c69fa7832df6c,82.51202805098855,63.127848605096034,""
0x887aceb13a7ae7748dd159267997c41e6f4025ec,80.21833836210185,45.39747623437259,""
0x1427d79f8f00080debedf2e43f349108906cc3a0,79.49175573694856,46.15668618189462,""
0xbabcc67de97309afd42ce4d3a17bb31ae4422b5b,79.47345581437693,46.146060378307055,""
0x22f0751a8250d5b216689eb16540753a935c7285,79.36073285896207,46.08060808038829,""
0x775ad94f8927d6069f4ace199de407c4434a07c8,75.89982768255793,41.35413074592612,""
0xca8e8b7e78be17b3542a9379d42a81b7ce8733c3,75.53995146093196,57.2086714399076,""
0x587657ca5064a7e364503b7a3d2f549fe3820225,75.09886745396923,43.2149298371458,""
0xa243d6382fc0aec080908be2371efe49dca3da10,74.24995050786866,44.84624616973522,""
0x3242e92b36dedd95719c3e39ed564fee69c5ef72,74.06032171488336,40.819726528244466,""
0xa43601eb85b50295cf2a2b44554f6c16e2549ad5,73.51398556168529,34.71038792746718,""
0x660b4ac6c45d8d710d14735b005835754bbbafb8,73.02176543531426,37.85198781136003,""
0x7bfdd645f2ef2e8deb06c8057f00aa3347ef9c63,72.4602122102662,45.9181089378579,""
0x54a2630557f6a9f3fe6ffb33e2c5c5b8e6cd6245,72.03059916073649,41.81963682197596,""
0xacd9d97330757c24dec654439f4d37cf18b35401,71.03554380164147,40.87672884298847,""
0xaa8959918abb9e4a08b5a2d49320e49712e76ed8,70.89177580424867,40.22452924414014,""
0x7d67291e2be89c77a48cfad7473fc13f15595c59,68.8196410649617,39.74817053902282,""
0xc025201bd8dade7e95526327e1297ccedac8828e,67.76021370790993,36.919250314618964,""
0x983902329ebe24073b07340b54dd80e44e7217ed,66.91965063400309,38.08969480594036,""
0x0077dd5c5de9bce018bf9cdddf4fc1f72ed07f84,66.57255597990775,36.18375528740099,""
0x4b097d42bf7f0629d7c5c2b005c85ff967c0dba4,65.58774438638231,36.29720115865639,""
0x9adb52e044f989ed1855b18b4dd0b5427977e189,65.13441270564647,35.40209047765871,""
0x982e1cf58668368ffaac4accfbbc6f95325c4a0c,64.62739911041635,40.95444744366995,""
0x772cbce9f3860560b3ba6239bc534a103e0a30ab,64.62739911041635,48.94426816829161,""
0x0044d9a129b110f1a33833cd4a64bfbbfc293ad8,64.55737956920753,40.910075990386375,""
0x28288fa0696aacece303b20205165a75ad082a01,64.46765738526938,48.823290967586054,""
0x4b323bad943180d7dc2b2137ae6be1f073fa411b,63.192493541399436,48.3469653999394,""
0x90e0d37f59b4d3202880d2fb17f3e50b7056f762,63.03147224826538,48.22377211460551,""
0xc01b0763e8d970ab410b5658ff0a715407ff3f89,62.68488008967807,34.37324951968353,""
0xf2c33029a738ecca8156696fc3602f377e9cb971,62.520303184708546,26.67853873437246,""
0xb356178cbb7525adc659cdcf58814fdbbdb564b2,62.51066534674388,33.97602186765749,""
0x2741acb77d4e4d7fddd9144233f0a08f60171ad1,62.261119953014614,43.412126237319015,""
0xc8f14fa832e2d5121edf80e720e43c19c544e66c,61.65240579208085,47.156986632167985,""
0x21fd8a80b419a6095f396312e95dd8351a40a5ea,60.382364073356484,37.370729660310026,""
0x67b4060662679fa807626df262e602cba4305366,59.8000675469267,32.50274799334877,""
0x7097f5a40c039521fa6dca8277a9e10d1740f6e3,59.5034302610942,34.24068366115919,""
0xec828e4969d8ce29fec8dbf6c9111a53b4924060,59.13740784822028,34.838674887096445,""
0x3a11eb7cb41a2cd5f63e95474b19d0bec5555881,58.92409495522645,45.138508319976445,""
0x92906468a4639e5bfff0b220e5594cd274f38615,58.767902279300486,44.90478920322262,""
0x88e55d3683c09d7750d78bf0cc3d5d3ad46e1146,56.77327759369032,32.68273746775722,""
0xf8b6703dfd89090d55f82fedd44c9f8fa6612093,56.65918572138256,32.642736160841764,""
0xaf6e09a9d2d69a03c21f13236a3eb1713b2d4376,55.854041345051854,32.1406774786173,""
0x2e42935079e584f58e010eff7cb67c1ef0282319,55.70201755770968,26.617691840770398,""
0x7b893278ce940767f3df5801b035e90d0e608960,55.051688905190325,29.143411320323448,""
0x576714e2cadc5ff9aa70bf2c25ba56c051391676,54.669848621587356,28.086634729340503,""
0x837adcdf766b8147006a739181e8cf8b4cf8c33a,53.66160229892438,31.43848146166048,""
0xaf0993547811960f8098da70f77be23dde85a69e,53.03493840610966,30.518451473880948,""
0x8d8f069f43b7d73ccc0f57e57d5309096ee092ba,52.88325316300338,26.250911393383003,""
0xf17f6066980f8368bc180be9a7ca92512ccdaca2,52.267308187359035,33.327206423730935,""
0xe3a2a53e6bc71bc5ec34313b5aa783f4733bc419,52.249261520047455,28.887414961419275,""
0x76403a85edf090e8ca56863f3900a42bd756386a,51.30023174718463,29.5202310067158,""
0x8024db740a6eef70b36a0517bfcc46d98406ef77,51.00685074910409,29.857132122525407,""
0x0e74c5db18d4ca1ba9bdcd36b50c46fd6f57b725,50.69828325842786,38.787963714800064,""
0x5e969af7fdca48a9769e108756ad5de86d085990,50.61145387869341,21.596818376208294,""
0xdec9aa5d543b2afa5d5bf391883403cb219ad5b6,50.31678431087307,30.933213550235212,""
0x43ba812d4265336a103af294016dee1f0e815923,49.48416229990485,28.475191095938403,""
0x5ac1cf26edf0c87a7122e02213baf073e167fbfd,49.45727990952459,28.45972187977679,""
0x1ec1788f1db4e44e484c6e04497b231e692aad6d,48.87865905265014,34.08108493239178,""
0xa0bde263c939f2d03dd6b1c3b5272fbbf8f93a0c,48.24070332603522,30.325810615596588,""
0x59ca75d497702251ae552e30e513d146fbed69bc,48.15846431212623,24.919350546180116,""
0xfd4c12a749a1b96a982f8429c2f4b37f134950f8,47.17998765215616,36.09620546297955,""
0x52e6d0e44d2f82987d65011baeca1e599b1cca7b,46.69179385351522,27.331290555055688,""
0x53aff2dd35c2dbff8c5535d86b74092ea0a634c3,46.033352011621325,26.48945509824338,""
0xf8df8c462c939f4f37ada0195b6ce50959659661,45.99132050682019,29.144745796492458,""
0xf23102909b67e197b8376f99cfc8207ededdb3d6,45.67345333160207,26.28235482186375,""
0x8a26c9fac68a608cbec8e2abd4292c04f71fdde0,44.804354121296406,26.300491901856898,""
0xe446ae713732d6aa1a20005aaa22f6851193eb9d,44.736980290206176,26.187030010100393,""
0xb590714449fdf44034c47febbf4c130f5fb7ff5e,44.65391462488757,22.883568358243007,""
0x7943cc60c7ca5ea3ef4f1431dba21c0cae9672bb,44.3089354532357,31.30076249181021,""
0x2164dbc6226ebb6d486f561cf3cf0f3d6e04259b,44.13928481003444,25.151453525369888,""
0x9ad0ab36b72a2fe8727bec31883de350555688d5,43.32459228818929,23.75703708661486,""
0xaaaa98da5138a6399532c0972bdd0afa70a39489,42.863825118672054,25.598631518279078,""
0x303b8b6fc6f45b3d163f53451dde40e34794ea3e,42.822952091815544,25.027317651684392,""
0xe77a0532de8ac992793149e8502d4f21bd6e3185,42.636994004139666,27.167780935509743,""
0x97ccd344cd5be1b5c031287c8b5912618d5b21d4,42.33459644514132,24.201237315809177,""
0x507cc427c8fba38b81e891549189e6718862af45,42.248990334749735,24.891064825970115,""
0xd72ee0de8c19c0c806ec242f2f3442a62b92765e,42.18989586686991,23.747128544654274,""
0xacff517a7a76eaf0436e19a8e714f69dc721a82b,41.08599767938961,23.48745621052946,""
0x61de3a78797802911f9a731ba74074a874b0b81a,40.10004608373917,30.674961669255516,""
0x82235497d6c5453f5b750c59916a4f9a3b44f919,39.83800920532015,22.924403936114025,""
0xa7008dfa174d1c47dc2b2520181275223f088f95,39.80558860167971,22.713724117346192,""
0x525f6c462153ad04aa8896dd14ea21f85882a01e,39.69778592163777,23.237310710755583,""
0xd9126550eccbafcef2058e14d12c01948a4c199f,39.31137246336654,22.639472860667816,""
0x6670c23c0654952f983e0d3eb77a92fd9483b828,38.997993003044115,16.64114557827298,""
0x1eb65a21dde08c90258c41ba038ca13f0560462e,38.92390397698757,29.779686373241773,""
0x1fb6dbd449ee1cfa9db8cd4287141833a0c9c8ec,38.54044264990748,22.03224967634697,""
0x493fdca1b0acd3fc4f3fad6ecaccbc1d6353d8e3,37.344423044137564,20.646872579373643,""
0xa904e2cde2f31e4a3f626f0d9054726dbca4695e,36.80709371049342,22.52060432223395,""
0xeff39906070b24908d7b12d91251f6845375744d,36.5180080684704,23.268836525132517,""
0xfe416058c6b2a836a42c3d2eaf0aea15c3d65a89,36.446565747724904,22.7834042870863,""
0x9eb390e733cb07f71682d9d65dca3aaa704d5212,36.446565747724904,22.7834042870863,""
0xf69722d1d070fa043d8d6c7d059bdbd571d148ab,36.13480710102141,27.610750645118863,""
0x2997ea57e14f7a4bee6680daa9d76d8782031c1d,35.78209238195645,20.96349344440111,""
0xbf32f479c1919f4e4f1a34289653ab947ecadedf,35.54283713397977,22.2286849130492,""
0x8a75dbc5ebfd988dcb909ad90f21408b830ba582,35.4659567822115,25.05389665604663,""
0x941b715c5afd8f789987c870fd5d18a8fb51cc54,35.45887486066715,21.211924448149418,""
0xcb2119b561782df3afaeade4c718d11b09f42918,35.30437057976241,20.315564658603776,""
0xe4e0c2895931826df58da01f4c80686bb4d24ab7,35.09293199883229,21.918610129729934,""
0x6b4503caba0e89ca764cf912a707dbd33eceff00,34.99637679694112,20.485315805432403,""
0x4fdd38b26730523ca43ac53a8d36734ce2c52887,34.862424208049504,18.48999641421513,""
0x2411170bff3077b1a11a6c33a6b68187b1c26ffa,34.8371838641162,20.046726501358965,""
0x0261842bddb13418fae2b7567fc340baa585b950,34.73188979223604,26.538775917806728,""
0xd3154ab7622a092c44a1d141666ef9d99f1d150c,34.56448246281891,24.417076265866996,""
0x80e309c224ba674ed2d0f27e85a37dd4cbea9998,34.22453588957455,21.181613176407932,""
0x3bde884876dba4e4382c3b9dfa148f642009ed7c,33.11380214572252,19.055022863635642,""
0x85b78de0089100d1ed81c01f8fa72aea045a8363,32.52849757823911,15.095391442808163,""
0x720c293071a9e084c3a8c82f42c98065be546fcc,31.66718894621544,24.197025742559003,""
0x08092fd3ec6e55caf7fd79e1ded5a910e886e67d,31.166989262189052,16.939994204946338,""
0xd2234713dbfbef19dec794e7d4eef6bd0785726d,30.270430892249575,16.452693572106703,""
0xb8ac6ef01a6191c8689ad756b4a41dcad7021390,30.208808253825982,16.419200213829214,""
0x42dc3896f7b64c5cc0f69d3c57b8da60b8c4a810,30.175827186005794,17.662952096483142,""
0x41a7a854c123495b870f5cd68eccbc6f88050c80,30.14084968762118,17.643107115847393,""
0xe454774fbbaf27982a8b2ede7de66c186a661c38,30.03181518273295,17.5792831868937,""
0x759b98b4342c50297848fb6af9913204fe1ebd19,29.92555793361573,13.058807266761605,""
0xd312862706fa2ae22ac4e93ec7252c0e1a58a788,29.834942017949846,17.16823395228006,""
0x0d44ce75cb96ff2802512041d9f038598f6459a0,29.75098841463578,17.2072708979649,""
0x99e5f8ec4f84aa329c2e7e34804576fb3fb7c01c,29.61399521864052,17.041092215612107,""
0x0d19a35ba6fd888a3bc37fdbc3f32e77f896a1a9,29.586531234183713,17.025288326664285,""
0xf0c4fcdd2f7859dc309c90d35aca0b53702d279e,29.423508999120937,22.511176435747952,""
0xdd6abc3051af9b099ecf269b7a87a8b20d8fa050,29.343537332220876,18.074342552774105,""
0x0e401c81611424eccd0428f309bcd41ba3057112,28.53542162732179,15.280272782467296,""
0x4dd762d5d18e8d5ddebc88b96b2a2a6bd2f76986,28.360600995133467,20.034524115583178,""
0xfa2fd281abc4b015d835ffdda995b3da6d5ccc3c,27.26481254007667,14.007297442464388,""
0x26f9fda1226ef940ac86569f8c01926151de3574,27.067956308746012,16.752396054621737,""
0x32fcabe57d160bd8ac7fd3473965e2c20779e4b0,26.867611114276855,16.517382093573183,""
0xf43fcc00922fd38faec80df2183a212e035e965b,26.76828814693694,14.321943204227262,""
0x75035382fb8b5c23f03640d3e948b3c33870d900,25.685768908297902,17.256337095659738,""
0xe97bbc1429c4568be854c94c081cc04ef2592a84,25.444144531531762,14.641591251296902,""
0xb7adc19d15e69a1d609b048428c47be18a11781e,25.419615760731592,15.353200078228213,""
0x2a032949055c2c5982a7766212e78b88d61feb62,25.02104433233066,19.11868005851119,""
0x9c8bd1f6e1f80afa2b31e743404378409a3d4add,24.34287468132838,15.983720173038993,""
0x18ce3793fee6be9fe0cbd9bf9c8adc7ae24390db,24.242132764596285,14.02292790436505,""
0x5c74232463eff5927ed704ca414e82a9e2422593,24.19196648433998,12.859796199980055,""
0x05c2974d048d90ec5bfa124b6369396727b900fd,23.13965765582783,13.228148922145714,""
0xb4765bee75a0fa0a2f66bf68ce1796c55854c154,23.037662945146273,13.169842043010576,""
0x09e4fef503c1c7c832b9ca87724fd49e63936859,23.017848551473406,15.262698035359536,""
0x06443ba1670b0ad8d54c8bb597218ea910c372da,22.94624919453904,13.323681346638065,""
0xe9503ec8940c8f2269c3232ef8f65fde37923803,22.891455975751754,14.167554151431126,""
0x01ef1bc000850e769fa4a9e920274dd3a62d28f0,22.874344917748598,13.362364630505478,""
0x00218c6d58bf5bf420b33a26f927fb5df0f8202f,22.72677774382861,13.905492596450252,""
0x9d9ed28e45d366f546d9c442c408ddaad8d408dc,22.396648775220996,14.808406608715208,""
0xdb989f2037b3b6377f0d1ab165b7b56dd1bf18fc,22.376859910653526,12.479714197221682,""
0x73cf47fd7176dc1ccce9b4de4487eeb853aeac3c,21.66667493705931,12.445305478647334,""
0xeeab1c3b6f441c9824a27c91e45b6a17586ce3bb,20.96233888486898,12.171728861408159,""
0x87cc596554edeff947b6801df16729a173b694fd,20.919491164457675,11.958955859023387,""
0xdaadb1a87292bf175b169e5c2c8868b17e32215b,20.852016418780206,13.940146406406084,""
0x9eaa8d8d690fa8f12efb8c1283b6ee565f41bf07,20.844509568392777,12.182302638622769,""
0x586532d2648cc6537e56b11bd84dd86a1f29eca3,20.563174438647035,12.017879979399556,""
0xc9595999cd02635dcaf4977f74492513f3574218,20.48681011238505,15.668919406086154,""
0x3db0f9566b1be58ac3aeefa33a3dca6cfeef5b40,20.10029717338013,10.574641721072812,""
0x9a4d690dd35b6b8c4e47f280b38f0e1e77f9fa47,20.00001814454765,11.50882044110757,""
0x3da967035e4772f78bcced47ed6cc5705eecff61,19.910573493424472,11.457350366342931,""
0xa7fc0240de289af2fb9e7ec32ec16e09f6fd915a,19.910573493424472,11.457350366342931,""
0xc99874af0f429baf9ac785698a7c6721c47fc41d,19.8904267480085,11.445757113087385,""
0x7a411b77b452312d66dcb17a698844a828e9f3e2,19.870753582828986,11.434436377079903,"yes (but no data on dune)"
0x73e4e6d777032e60ba7dd6bce05fac2c7faa4af7,19.76562917092368,12.250366842335115,""
0x7e66bef4e7ea96b9b968e0cb5db0e46de381359e,19.734492350887916,11.356026145641115,""
0x11cef9107c289e4533e30c1588af516cf36bada6,19.304862090656023,14.620151207116525,""
0x44069b9c5715ced28892a97b1c15ce9572699699,19.156959862309858,11.197348433511925,""
0xa4c57dd580d34b9f6e522d237de164904542c73c,18.745490725433168,10.786914555788625,""
0x905071905e413b250cc9e7fadcc0b76d31ef1d9b,18.243853291928325,10.940996242152584,""
0x4a8f7999b671f44071abd8c34b03df1826831c1a,17.906768266305036,10.490957743722934,""
0x266ca9f02e8395d7cc746cb6ec986c2e06c75a28,17.88143520652186,10.476115977986536,""
0x045df346b63413a48e6d5033d9bb72ad4ed8032d,17.74891004283868,12.538202781372144,""
0x097491b344de0c6b909a1806f802c80313ee3428,17.554841944131088,10.035501259164516,""
0x8a78b7e67a6dc4523ab7c5f5df2f72ebd11c2b2b,16.867647607961334,10.219766095809424,""
0xede438967779b5f04176413a9d6ac026e55aa3c4,15.403120315889744,11.769585845852617,""
0xb57a6b7a4c1fc6c36e9cb8bb2ed6523188101d95,14.970220648138763,10.008004184348588,""
0xab5d198d3b9162cc34071f3c10f7b5344ce3ae84,14.814560072811286,11.334242140426058,""
0x55dd7d8db617e34c37b43db2e1ef154e2558c6df,14.521445689174328,10.258254185192218,""