Address,stCELO Balance,stCELO in USD (approximate),Contract,Snapshot Time
<a href=https://celoscan.io/address/0x8a1639098644a229d08f441ea45a63ae050ee018 target=_blank>0x8a1639098644a229d08f441ea45a63ae050ee018</a>,275038.7390665376,117363.98065699478,yes (but no data on dune),2022-11-15 12:00:00.000
<a href=https://celoscan.io/address/0xdc5762753043327d74e0a538199c1488fc1f44cf target=_blank>0xdc5762753043327d74e0a538199c1488fc1f44cf</a>,92130.192702026,39313.611569423134,RebasedStakedCelo,2022-11-15 12:00:00.000
<a href=https://celoscan.io/address/0x9fba5259a1a4654212849e87cfdf5b28d5bbcb5e target=_blank>0x9fba5259a1a4654212849e87cfdf5b28d5bbcb5e</a>,49341.32884789408,21054.833163315667,,2022-11-15 12:00:00.000
<a href=https://celoscan.io/address/0x46c5cfc2079309f4e7d9476a01730a60e2f1a164 target=_blank>0x46c5cfc2079309f4e7d9476a01730a60e2f1a164</a>,34753.33693247457,14829.874429151685,,2022-11-15 12:00:00.000
<a href=https://celoscan.io/address/0xf3cf9f6ede5091b640b8d2eb8c165e13f043cbeb target=_blank>0xf3cf9f6ede5091b640b8d2eb8c165e13f043cbeb</a>,32137.359454919315,13713.58975188426,,2022-11-15 12:00:00.000
<a href=https://celoscan.io/address/0x08bafb4400a102dddc5e5d584abf0aa38e174c57 target=_blank>0x08bafb4400a102dddc5e5d584abf0aa38e174c57</a>,29757.8056745163,12698.191321818247,,2022-11-15 12:00:00.000
<a href=https://celoscan.io/address/0xfedc380d4b6b1915f1d1491e6f43b74f00c837c0 target=_blank>0xfedc380d4b6b1915f1d1491e6f43b74f00c837c0</a>,24705.102905531046,10542.112101642397,,2022-11-15 12:00:00.000
<a href=https://celoscan.io/address/0x9fcd7d9e934ac04e5c7eae5bd7dc938fcdba84cb target=_blank>0x9fcd7d9e934ac04e5c7eae5bd7dc938fcdba84cb</a>,21487.33529369791,9169.032741856185,,2022-11-15 12:00:00.000
<a href=https://celoscan.io/address/0xa72dfb06e984cdab5ef6047f2c8a79db4335fa64 target=_blank>0xa72dfb06e984cdab5ef6047f2c8a79db4335fa64</a>,20965.682035560425,8946.433906850272,,2022-11-15 12:00:00.000
<a href=https://celoscan.io/address/0x1258fdb35c1cdd340827e0417b4bbe2356ec756d target=_blank>0x1258fdb35c1cdd340827e0417b4bbe2356ec756d</a>,19424.61663788554,8288.833562485243,yes (but no data on dune),2022-11-15 12:00:00.000
<a href=https://celoscan.io/address/0x6e42ce2fd45ff9b97a55d96f5a998dd8de2b2bfb target=_blank>0x6e42ce2fd45ff9b97a55d96f5a998dd8de2b2bfb</a>,19018.454916434377,8115.517045031044,,2022-11-15 12:00:00.000
<a href=https://celoscan.io/address/0x415b43b85db2e5493b58847321d75efbc25116df target=_blank>0x415b43b85db2e5493b58847321d75efbc25116df</a>,16704.183490609685,7127.975770745983,,2022-11-15 12:00:00.000
<a href=https://celoscan.io/address/0xf62c9d7cdc66061bb9c330ceff6e7006de6b79e4 target=_blank>0xf62c9d7cdc66061bb9c330ceff6e7006de6b79e4</a>,15330.476190117795,6541.790138894685,,2022-11-15 12:00:00.000
<a href=https://celoscan.io/address/0x3e48a1fbf1ecee44630832d87147bedf6916126d target=_blank>0x3e48a1fbf1ecee44630832d87147bedf6916126d</a>,14438.198276835139,6161.039092294537,,2022-11-15 12:00:00.000
<a href=https://celoscan.io/address/0xd13f92c6620352870e32ffaaa4cc4dfaceb42a63 target=_blank>0xd13f92c6620352870e32ffaaa4cc4dfaceb42a63</a>,8048.913709889149,3434.6163604564777,,2022-11-15 12:00:00.000
<a href=https://celoscan.io/address/0x8da20a81aa510c420d5a81d62cbbd013e7c76d9e target=_blank>0x8da20a81aa510c420d5a81d62cbbd013e7c76d9e</a>,7922.728376508089,3380.7708073667786,,2022-11-15 12:00:00.000
<a href=https://celoscan.io/address/0xe971f568c6cfb436c88ea943e5dde716d89a3b21 target=_blank>0xe971f568c6cfb436c88ea943e5dde716d89a3b21</a>,5941.658370951674,2535.4125767357564,,2022-11-15 12:00:00.000
<a href=https://celoscan.io/address/0x5464d19f5561e7888ea0cc043715f4356d52d4cf target=_blank>0x5464d19f5561e7888ea0cc043715f4356d52d4cf</a>,5931.746991628099,2531.183212773559,,2022-11-15 12:00:00.000
<a href=https://celoscan.io/address/0xe462482bb3dde254cfc5c91c7f3a13da9a63c62a target=_blank>0xe462482bb3dde254cfc5c91c7f3a13da9a63c62a</a>,4729.01848521829,2017.9573099753782,,2022-11-15 12:00:00.000
<a href=https://celoscan.io/address/0xc35c68d57f38a14543c882f37f8768e0eb30664c target=_blank>0xc35c68d57f38a14543c882f37f8768e0eb30664c</a>,4227.388688596372,1803.9028464204666,,2022-11-15 12:00:00.000
<a href=https://celoscan.io/address/0x623e213f0eb9f65ade7f579fbefcd9df8743d8cb target=_blank>0x623e213f0eb9f65ade7f579fbefcd9df8743d8cb</a>,4058.292691902739,1731.746540903353,,2022-11-15 12:00:00.000
<a href=https://celoscan.io/address/0x0bbf91036b886eb9f7b902a5de615b765917aa24 target=_blank>0x0bbf91036b886eb9f7b902a5de615b765917aa24</a>,3690.379201816148,1574.751232240583,,2022-11-15 12:00:00.000
<a href=https://celoscan.io/address/0xbb4946437eccded9a99e41a71272cedf84fad828 target=_blank>0xbb4946437eccded9a99e41a71272cedf84fad828</a>,2235.635393061783,953.9858636565378,,2022-11-15 12:00:00.000
<a href=https://celoscan.io/address/0xacef3c5a772908a8a01471bf5ff0e6b6e8949bfc target=_blank>0xacef3c5a772908a8a01471bf5ff0e6b6e8949bfc</a>,1990.8058651767158,849.5126971764778,,2022-11-15 12:00:00.000
<a href=https://celoscan.io/address/0xd25e02047e76b688445ab154785f2642c6fe3f73 target=_blank>0xd25e02047e76b688445ab154785f2642c6fe3f73</a>,1988.0500397090827,848.3367368445803,yes (but no data on dune),2022-11-15 12:00:00.000
<a href=https://celoscan.io/address/0x4bc92ef470d68964a79d52ae661eae28ca6564c6 target=_blank>0x4bc92ef470d68964a79d52ae661eae28ca6564c6</a>,1974.848411796654,842.7033645850446,,2022-11-15 12:00:00.000
<a href=https://celoscan.io/address/0xbd5fff8b575c6071bdabe1dd0e40b74b3e002a8d target=_blank>0xbd5fff8b575c6071bdabe1dd0e40b74b3e002a8d</a>,1590.808480743564,678.8266132859321,,2022-11-15 12:00:00.000
<a href=https://celoscan.io/address/0x2403a37e26aad0ce33fc21f263345d1d1cdf37d3 target=_blank>0x2403a37e26aad0ce33fc21f263345d1d1cdf37d3</a>,1537.8659711514233,656.235091477793,,2022-11-15 12:00:00.000
<a href=https://celoscan.io/address/0xb5c46cf3db8da39fec83706d8b6cc8b5dafa696c target=_blank>0xb5c46cf3db8da39fec83706d8b6cc8b5dafa696c</a>,1379.1882663406884,588.5244586363658,,2022-11-15 12:00:00.000
<a href=https://celoscan.io/address/0x8d07d225a769b7af3a923481e1fdf49180e6a265 target=_blank>0x8d07d225a769b7af3a923481e1fdf49180e6a265</a>,1237.407562973371,528.0240804568708,,2022-11-15 12:00:00.000
<a href=https://celoscan.io/address/0x72b16dcaf9087033add79d0dce135886b14a3e6b target=_blank>0x72b16dcaf9087033add79d0dce135886b14a3e6b</a>,1230.3042057488276,524.9929500687282,,2022-11-15 12:00:00.000
<a href=https://celoscan.io/address/0xd9899bfaaab84d21e1439ebc1e9ef83111b6c881 target=_blank>0xd9899bfaaab84d21e1439ebc1e9ef83111b6c881</a>,1196.967719699738,510.76767141483276,,2022-11-15 12:00:00.000
<a href=https://celoscan.io/address/0x098e55139f1ba999fdc14e61ef37fb11a8add42e target=_blank>0x098e55139f1ba999fdc14e61ef37fb11a8add42e</a>,1195.1329419089675,509.9847387055108,,2022-11-15 12:00:00.000
<a href=https://celoscan.io/address/0xd8cc14daf1efc22dd73378d9fd0e94da5d7ce698 target=_blank>0xd8cc14daf1efc22dd73378d9fd0e94da5d7ce698</a>,1057.4782038175495,451.24498417661704,,2022-11-15 12:00:00.000
<a href=https://celoscan.io/address/0xf2c33029a738ecca8156696fc3602f377e9cb971 target=_blank>0xf2c33029a738ecca8156696fc3602f377e9cb971</a>,1000.3248509553367,426.85661974995935,,2022-11-15 12:00:00.000
<a href=https://celoscan.io/address/0xac9187181f698cce7230cc4da4e3615b6a7138c3 target=_blank>0xac9187181f698cce7230cc4da4e3615b6a7138c3</a>,998.389671623125,426.03084389567664,,2022-11-15 12:00:00.000
<a href=https://celoscan.io/address/0x89d6b771e2b63000870e2212836fefc8e74c6755 target=_blank>0x89d6b771e2b63000870e2212836fefc8e74c6755</a>,991.3216096636477,423.0147746324524,,2022-11-15 12:00:00.000
<a href=https://celoscan.io/address/0x6e02f4ad421ebea80e3c65fc0fe272ac2da82c4f target=_blank>0x6e02f4ad421ebea80e3c65fc0fe272ac2da82c4f</a>,988.4833678596701,421.8036457663427,,2022-11-15 12:00:00.000
<a href=https://celoscan.io/address/0x0ee4e42b1096530f80a589cb13461930704517d0 target=_blank>0x0ee4e42b1096530f80a589cb13461930704517d0</a>,986.39931599728,420.91434332372734,,2022-11-15 12:00:00.000
<a href=https://celoscan.io/address/0x880817a459f83f468eb8c32d623b8829b18f4ca8 target=_blank>0x880817a459f83f468eb8c32d623b8829b18f4ca8</a>,982.7397316097122,419.35273279303317,,2022-11-15 12:00:00.000
<a href=https://celoscan.io/address/0x494be2a0d940d15e7b34beec301b3df63d050e76 target=_blank>0x494be2a0d940d15e7b34beec301b3df63d050e76</a>,900.0241748527305,384.05651584480745,,2022-11-15 12:00:00.000
<a href=https://celoscan.io/address/0x5e73e3e5de5349433f07857207829006f7141ed8 target=_blank>0x5e73e3e5de5349433f07857207829006f7141ed8</a>,857.5283790325745,365.9227948440221,,2022-11-15 12:00:00.000
<a href=https://celoscan.io/address/0xf07de3eb4cd58835b218a59fdfc84100d7d0e994 target=_blank>0xf07de3eb4cd58835b218a59fdfc84100d7d0e994</a>,856.5119417014266,365.48906273894937,,2022-11-15 12:00:00.000
<a href=https://celoscan.io/address/0x5e969af7fdca48a9769e108756ad5de86d085990 target=_blank>0x5e969af7fdca48a9769e108756ad5de86d085990</a>,809.7832620590946,345.5490940193327,,2022-11-15 12:00:00.000
<a href=https://celoscan.io/address/0xa068404c922fad78d8bf91c845a9b431fd0c706b target=_blank>0xa068404c922fad78d8bf91c845a9b431fd0c706b</a>,746.9580886931046,318.7404616909442,,2022-11-15 12:00:00.000
<a href=https://celoscan.io/address/0x702c4bb26c59c2b9aaf5b73ad4ffe5089943bbef target=_blank>0x702c4bb26c59c2b9aaf5b73ad4ffe5089943bbef</a>,746.646506003418,318.60750374876653,,2022-11-15 12:00:00.000
<a href=https://celoscan.io/address/0x40be056571c942e9d567e9743cca19a676618c3b target=_blank>0x40be056571c942e9d567e9743cca19a676618c3b</a>,697.1608827802311,297.49109757821464,,2022-11-15 12:00:00.000
<a href=https://celoscan.io/address/0xd7194e7f4744566ae55d050b708612ffc09aa1a0 target=_blank>0xd7194e7f4744566ae55d050b708612ffc09aa1a0</a>,665.0822519400551,283.80256838335646,,2022-11-15 12:00:00.000
<a href=https://celoscan.io/address/0x44909bdd05dda8a13c681414cf684bf148d5f411 target=_blank>0x44909bdd05dda8a13c681414cf684bf148d5f411</a>,658.6683756162512,281.06565190621546,,2022-11-15 12:00:00.000
<a href=https://celoscan.io/address/0x751f556a157f8cb70d5f37086664b437f339d914 target=_blank>0x751f556a157f8cb70d5f37086664b437f339d914</a>,628.0479738144504,267.99937529015466,,2022-11-15 12:00:00.000
<a href=https://celoscan.io/address/0x6670c23c0654952f983e0d3eb77a92fd9483b828 target=_blank>0x6670c23c0654952f983e0d3eb77a92fd9483b828</a>,623.9678880487058,266.2583292523677,,2022-11-15 12:00:00.000
<a href=https://celoscan.io/address/0xd607581d480dd20294e27b01a4c545c82a724e68 target=_blank>0xd607581d480dd20294e27b01a4c545c82a724e68</a>,608.6614561797179,259.72679925809683,,2022-11-15 12:00:00.000
<a href=https://celoscan.io/address/0x31d69cc43a809417c1f44d41751ef8674d1a3baf target=_blank>0x31d69cc43a809417c1f44d41751ef8674d1a3baf</a>,548.6776077716369,234.13061143309733,,2022-11-15 12:00:00.000
<a href=https://celoscan.io/address/0x8aa0e202ffb340a3f6f486427b7ae54e2da6b2f1 target=_blank>0x8aa0e202ffb340a3f6f486427b7ae54e2da6b2f1</a>,543.4026200369462,231.8796792169256,,2022-11-15 12:00:00.000
<a href=https://celoscan.io/address/0xba92007014935a3fd443771329a00a9051187edc target=_blank>0xba92007014935a3fd443771329a00a9051187edc</a>,517.804439389654,220.9564747674744,,2022-11-15 12:00:00.000
<a href=https://celoscan.io/address/0x6d4a93e2da64f08918f2bf334bce6643cfea85c1 target=_blank>0x6d4a93e2da64f08918f2bf334bce6643cfea85c1</a>,447.9352342680117,191.14202729637742,,2022-11-15 12:00:00.000
<a href=https://celoscan.io/address/0x5d3569869d3ecfb0f61bc5f72514dbb3e5eeda94 target=_blank>0x5d3569869d3ecfb0f61bc5f72514dbb3e5eeda94</a>,415.0625506733179,177.11466149821686,,2022-11-15 12:00:00.000
<a href=https://celoscan.io/address/0x7fedbab68950cc958d8b24278aa0c9c68393d809 target=_blank>0x7fedbab68950cc958d8b24278aa0c9c68393d809</a>,402.6274012591496,171.8083594105018,,2022-11-15 12:00:00.000
<a href=https://celoscan.io/address/0xa5ceafa5ec0737302b2660f44981956b087a2ca4 target=_blank>0xa5ceafa5ec0737302b2660f44981956b087a2ca4</a>,388.5653655140932,165.8078356414428,,2022-11-15 12:00:00.000
<a href=https://celoscan.io/address/0x2d1e7b6e6284409e16991de76d2a82847a7d61c5 target=_blank>0x2d1e7b6e6284409e16991de76d2a82847a7d61c5</a>,385.1732850076028,164.36037383187423,,2022-11-15 12:00:00.000
<a href=https://celoscan.io/address/0xe43f1e7989357cba80151df00401d21a8754da9e target=_blank>0xe43f1e7989357cba80151df00401d21a8754da9e</a>,374.44008172255263,159.7803227924842,,2022-11-15 12:00:00.000
<a href=https://celoscan.io/address/0xb590714449fdf44034c47febbf4c130f5fb7ff5e target=_blank>0xb590714449fdf44034c47febbf4c130f5fb7ff5e</a>,357.23131699910056,152.43703312722218,,2022-11-15 12:00:00.000
<a href=https://celoscan.io/address/0x07720191b28e2b423b88fb2a54745cd44dcb6c0e target=_blank>0x07720191b28e2b423b88fb2a54745cd44dcb6c0e</a>,355.073363828402,151.51619566612806,,2022-11-15 12:00:00.000
<a href=https://celoscan.io/address/0x5988d7f4dcdfeb0d6fdc3ec2d7aef1545bbd834e target=_blank>0x5988d7f4dcdfeb0d6fdc3ec2d7aef1545bbd834e</a>,345.2374879432474,147.31905038016663,,2022-11-15 12:00:00.000
<a href=https://celoscan.io/address/0x5fe41d84e29c6581d50c6cd84cc3dffa467cb847 target=_blank>0x5fe41d84e29c6581d50c6cd84cc3dffa467cb847</a>,323.4730334342403,138.03176588099214,,2022-11-15 12:00:00.000
<a href=https://celoscan.io/address/0xd0a1bc1621b5bf46d17bb0b763d790a9ef646307 target=_blank>0xd0a1bc1621b5bf46d17bb0b763d790a9ef646307</a>,298.5543687322811,127.39852311670151,,2022-11-15 12:00:00.000
<a href=https://celoscan.io/address/0x29a6520a99656e5b17a34471d5d458efd3696695 target=_blank>0x29a6520a99656e5b17a34471d5d458efd3696695</a>,297.08291854758374,126.77062883678784,,2022-11-15 12:00:00.000
<a href=https://celoscan.io/address/0xa243d6382fc0aec080908be2371efe49dca3da10 target=_blank>0xa243d6382fc0aec080908be2371efe49dca3da10</a>,296.99980203147464,126.7351615232668,,2022-11-15 12:00:00.000
<a href=https://celoscan.io/address/0x054fe24a3875df56ece8088b145d7b8d9c80f065 target=_blank>0x054fe24a3875df56ece8088b145d7b8d9c80f065</a>,296.08374678492163,126.34426426056818,,2022-11-15 12:00:00.000
<a href=https://celoscan.io/address/0x3319c5056371681bdd48eedcce6997a8d44179fc target=_blank>0x3319c5056371681bdd48eedcce6997a8d44179fc</a>,286.7011045953581,122.34052195072202,,2022-11-15 12:00:00.000
<a href=https://celoscan.io/address/0x8e1fcc4d6104c2cbb642828e1b34b2f568b709b4 target=_blank>0x8e1fcc4d6104c2cbb642828e1b34b2f568b709b4</a>,283.0509171956611,120.7829212838981,,2022-11-15 12:00:00.000
<a href=https://celoscan.io/address/0xe3a2a53e6bc71bc5ec34313b5aa783f4733bc419 target=_blank>0xe3a2a53e6bc71bc5ec34313b5aa783f4733bc419</a>,278.66272810691976,118.91040201232857,,2022-11-15 12:00:00.000
<a href=https://celoscan.io/address/0xc81f7b9bbd22a92a1e8c6512ff18e7606c0d097d target=_blank>0xc81f7b9bbd22a92a1e8c6512ff18e7606c0d097d</a>,252.89273630567928,107.91388265088685,,2022-11-15 12:00:00.000
<a href=https://celoscan.io/address/0xe324061710fd79312b7559aa66a9c3e74cb2b50c target=_blank>0xe324061710fd79312b7559aa66a9c3e74cb2b50c</a>,247.42081149952432,105.57891384145401,,2022-11-15 12:00:00.000
<a href=https://celoscan.io/address/0xd3846126de0e98f17fb0a2b0d5fda13861c29999 target=_blank>0xd3846126de0e98f17fb0a2b0d5fda13861c29999</a>,232.52239816343982,99.22149269950671,,2022-11-15 12:00:00.000
<a href=https://celoscan.io/address/0x26c69f26b1fd4b8b1f83c2f41fe33d8b84924c7a target=_blank>0x26c69f26b1fd4b8b1f83c2f41fe33d8b84924c7a</a>,227.1975679830099,96.94929181457401,,2022-11-15 12:00:00.000
<a href=https://celoscan.io/address/0x6bb804836470d36c10b436b7bb0b6863ac5869e0 target=_blank>0x6bb804836470d36c10b436b7bb0b6863ac5869e0</a>,215.2693551795944,91.85930870352617,,2022-11-15 12:00:00.000
<a href=https://celoscan.io/address/0xf0c36407605dec167dcba1b94c76d472f7fd4f84 target=_blank>0xf0c36407605dec167dcba1b94c76d472f7fd4f84</a>,210.2795115035746,89.73005258978235,,2022-11-15 12:00:00.000
<a href=https://celoscan.io/address/0xf38560b3ef42a677f9155569d5214802c3415ff5 target=_blank>0xf38560b3ef42a677f9155569d5214802c3415ff5</a>,203.9238857726127,87.01799268911773,,2022-11-15 12:00:00.000
<a href=https://celoscan.io/address/0xcf8d347fd8e8874ac9c3289d48b4fe012f555fe1 target=_blank>0xcf8d347fd8e8874ac9c3289d48b4fe012f555fe1</a>,201.6115251952903,86.03126680828389,,2022-11-15 12:00:00.000
<a href=https://celoscan.io/address/0x493fdca1b0acd3fc4f3fad6ecaccbc1d6353d8e3 target=_blank>0x493fdca1b0acd3fc4f3fad6ecaccbc1d6353d8e3</a>,199.17025623540033,84.98953340025756,,2022-11-15 12:00:00.000
<a href=https://celoscan.io/address/0x5450a98bd84b8e0708a2a3d55e6c048f15977cd1 target=_blank>0x5450a98bd84b8e0708a2a3d55e6c048f15977cd1</a>,198.43716916510263,84.67671195179426,,2022-11-15 12:00:00.000
<a href=https://celoscan.io/address/0x99e2626dafc34ae5dd249edf01d0b04407ef99a0 target=_blank>0x99e2626dafc34ae5dd249edf01d0b04407ef99a0</a>,184.10709818361832,78.56181272271724,,2022-11-15 12:00:00.000
<a href=https://celoscan.io/address/0xe9a19a362103200513bbf12f86625c5fc5a54da5 target=_blank>0xe9a19a362103200513bbf12f86625c5fc5a54da5</a>,184.07013552167376,78.54604008953758,,2022-11-15 12:00:00.000
<a href=https://celoscan.io/address/0x9d422d3de7c25b114ae5751f4e44c90c2e0d7bf3 target=_blank>0x9d422d3de7c25b114ae5751f4e44c90c2e0d7bf3</a>,182.09848222580175,77.70470013842967,,2022-11-15 12:00:00.000
<a href=https://celoscan.io/address/0x9e66717f8ad44b9a465638bce39b344746c75010 target=_blank>0x9e66717f8ad44b9a465638bce39b344746c75010</a>,169.1464309798042,72.17782673484008,,2022-11-15 12:00:00.000
<a href=https://celoscan.io/address/0xb91f22ec5708c831803158e7c352635e0165ed6d target=_blank>0xb91f22ec5708c831803158e7c352635e0165ed6d</a>,168.56457645001086,71.92953893359574,,2022-11-15 12:00:00.000
<a href=https://celoscan.io/address/0x6c082b7d49d76dc357339a3a03e96f5cfe62382d target=_blank>0x6c082b7d49d76dc357339a3a03e96f5cfe62382d</a>,159.26446921413725,67.96101577411822,,2022-11-15 12:00:00.000
<a href=https://celoscan.io/address/0x0fba83a04d487beb8564efb1863c11500ba00557 target=_blank>0x0fba83a04d487beb8564efb1863c11500ba00557</a>,150.00014158758543,64.00776041797128,,2022-11-15 12:00:00.000
<a href=https://celoscan.io/address/0xa0bde263c939f2d03dd6b1c3b5272fbbf8f93a0c target=_blank>0xa0bde263c939f2d03dd6b1c3b5272fbbf8f93a0c</a>,128.6418755360939,54.893803845010915,,2022-11-15 12:00:00.000
<a href=https://celoscan.io/address/0xead883e02a6222778abdf6147abd719039420128 target=_blank>0xead883e02a6222778abdf6147abd719039420128</a>,127.95792300300953,54.60194898799822,,2022-11-15 12:00:00.000
<a href=https://celoscan.io/address/0x1bee9340b560b8ea71821b0434ff02a2c46dcc97 target=_blank>0x1bee9340b560b8ea71821b0434ff02a2c46dcc97</a>,116.20286977833872,49.585856186073144,,2022-11-15 12:00:00.000
<a href=https://celoscan.io/address/0xdec9aa5d543b2afa5d5bf391883403cb219ad5b6 target=_blank>0xdec9aa5d543b2afa5d5bf391883403cb219ad5b6</a>,115.00979271056701,49.07674872586773,,2022-11-15 12:00:00.000
<a href=https://celoscan.io/address/0x983902329ebe24073b07340b54dd80e44e7217ed target=_blank>0x983902329ebe24073b07340b54dd80e44e7217ed</a>,107.07144101440493,45.68931116678484,,2022-11-15 12:00:00.000
<a href=https://celoscan.io/address/0x4dbbc28aeb85f60f0a1be65226ce2ef6e5c65e21 target=_blank>0x4dbbc28aeb85f60f0a1be65226ce2ef6e5c65e21</a>,105.73144812840258,45.11751208245569,,2022-11-15 12:00:00.000
<a href=https://celoscan.io/address/0xb7adc19d15e69a1d609b048428c47be18a11781e target=_blank>0xb7adc19d15e69a1d609b048428c47be18a11781e</a>,101.67846304292637,43.38803039275145,,2022-11-15 12:00:00.000
<a href=https://celoscan.io/address/0x891fbb6eac3e84b9e95c335fe747b9e31c7e32e5 target=_blank>0x891fbb6eac3e84b9e95c335fe747b9e31c7e32e5</a>,100.66566939187823,42.95585311156349,,2022-11-15 12:00:00.000
<a href=https://celoscan.io/address/0xe2f34d47cf1549fd22d8cba050c8cd9ee47b58a1 target=_blank>0xe2f34d47cf1549fd22d8cba050c8cd9ee47b58a1</a>,99.5224028953285,42.468000718688785,,2022-11-15 12:00:00.000
<a href=https://celoscan.io/address/0x819e90ea77324d89e10f973225c85782853a7f49 target=_blank>0x819e90ea77324d89e10f973225c85782853a7f49</a>,99.4855077238969,42.45225688492584,,2022-11-15 12:00:00.000
<a href=https://celoscan.io/address/0xc4e599ba73c02a4cbc06493fe09fdc00be725783 target=_blank>0xc4e599ba73c02a4cbc06493fe09fdc00be725783</a>,99.42644696894862,42.427054597695815,,2022-11-15 12:00:00.000
<a href=https://celoscan.io/address/0x420eb07d9894566a68841e13968b54eddbd74d1c target=_blank>0x420eb07d9894566a68841e13968b54eddbd74d1c</a>,99.0990092288302,42.28733102010796,,2022-11-15 12:00:00.000
<a href=https://celoscan.io/address/0x43c7d595abb887ddcf3ed50b567342e270108db3 target=_blank>0x43c7d595abb887ddcf3ed50b567342e270108db3</a>,98.92430636988486,42.212782165544525,,2022-11-15 12:00:00.000
<a href=https://celoscan.io/address/0x508c60824e480343b3925b1c8ad8b4e237773531 target=_blank>0x508c60824e480343b3925b1c8ad8b4e237773531</a>,98.75451716942472,42.140330057502574,,2022-11-15 12:00:00.000
<a href=https://celoscan.io/address/0xe4e0c2895931826df58da01f4c80686bb4d24ab7 target=_blank>0xe4e0c2895931826df58da01f4c80686bb4d24ab7</a>,98.5811519968861,42.06635201780725,,2022-11-15 12:00:00.000
<a href=https://celoscan.io/address/0x27a0388da4efe824f2c146f40381865393e11a33 target=_blank>0x27a0388da4efe824f2c146f40381865393e11a33</a>,98.57767067826468,42.064866476487744,,2022-11-15 12:00:00.000
<a href=https://celoscan.io/address/0xf5f9517a4913629b4a65a155de797402a6695809 target=_blank>0xf5f9517a4913629b4a65a155de797402a6695809</a>,94.65652056053354,40.39164114054975,,2022-11-15 12:00:00.000
<a href=https://celoscan.io/address/0x8a26c9fac68a608cbec8e2abd4292c04f71fdde0 target=_blank>0x8a26c9fac68a608cbec8e2abd4292c04f71fdde0</a>,89.60870824259281,38.237648763862715,,2022-11-15 12:00:00.000
<a href=https://celoscan.io/address/0x64d2a545d7f0d4c0ba041cad6034b24c27b48b3c target=_blank>0x64d2a545d7f0d4c0ba041cad6034b24c27b48b3c</a>,86.37831302938753,36.859180979274186,,2022-11-15 12:00:00.000
<a href=https://celoscan.io/address/0x60a0a52680600f23f846d7e319610f1bd614645f target=_blank>0x60a0a52680600f23f846d7e319610f1bd614645f</a>,83.14924742240721,35.48128056159476,,2022-11-15 12:00:00.000
<a href=https://celoscan.io/address/0xbf32f479c1919f4e4f1a34289653ab947ecadedf target=_blank>0xbf32f479c1919f4e4f1a34289653ab947ecadedf</a>,83.03272706229265,35.431559226567394,,2022-11-15 12:00:00.000
<a href=https://celoscan.io/address/0xfbd189d2576e7a5b509a3ce1239bb5b519c27435 target=_blank>0xfbd189d2576e7a5b509a3ce1239bb5b519c27435</a>,79.47408922010403,33.91302440382435,,2022-11-15 12:00:00.000
<a href=https://celoscan.io/address/0x587657ca5064a7e364503b7a3d2f549fe3820225 target=_blank>0x587657ca5064a7e364503b7a3d2f549fe3820225</a>,75.09886745396926,32.04603852222286,,2022-11-15 12:00:00.000
<a href=https://celoscan.io/address/0xc01b0763e8d970ab410b5658ff0a715407ff3f89 target=_blank>0xc01b0763e8d970ab410b5658ff0a715407ff3f89</a>,71.6398629596321,30.570019042408287,,2022-11-15 12:00:00.000
<a href=https://celoscan.io/address/0xacd9d97330757c24dec654439f4d37cf18b35401 target=_blank>0xacd9d97330757c24dec654439f4d37cf18b35401</a>,71.03554380164148,30.31214517994885,,2022-11-15 12:00:00.000
<a href=https://celoscan.io/address/0x44ccf8c72a87ec0b82423ac9cc8287f95833057e target=_blank>0x44ccf8c72a87ec0b82423ac9cc8287f95833057e</a>,69.86661775817561,29.813343396533178,,2022-11-15 12:00:00.000
<a href=https://celoscan.io/address/0x2164dbc6226ebb6d486f561cf3cf0f3d6e04259b target=_blank>0x2164dbc6226ebb6d486f561cf3cf0f3d6e04259b</a>,64.2102187555241,27.39965612691973,,2022-11-15 12:00:00.000
<a href=https://celoscan.io/address/0x32fcabe57d160bd8ac7fd3473965e2c20779e4b0 target=_blank>0x32fcabe57d160bd8ac7fd3473965e2c20779e4b0</a>,61.41168254691851,26.205470353055972,,2022-11-15 12:00:00.000
<a href=https://celoscan.io/address/0x7097f5a40c039521fa6dca8277a9e10d1740f6e3 target=_blank>0x7097f5a40c039521fa6dca8277a9e10d1740f6e3</a>,59.503430261094216,25.391184754153603,,2022-11-15 12:00:00.000
<a href=https://celoscan.io/address/0xaf6e09a9d2d69a03c21f13236a3eb1713b2d4376 target=_blank>0xaf6e09a9d2d69a03c21f13236a3eb1713b2d4376</a>,55.85404134505183,23.83392481467783,,2022-11-15 12:00:00.000
<a href=https://celoscan.io/address/0xf8b6703dfd89090d55f82fedd44c9f8fa6612093 target=_blank>0xf8b6703dfd89090d55f82fedd44c9f8fa6612093</a>,55.7676717459121,23.797069352072118,,2022-11-15 12:00:00.000
<a href=https://celoscan.io/address/0x88e55d3683c09d7750d78bf0cc3d5d3ad46e1146 target=_blank>0x88e55d3683c09d7750d78bf0cc3d5d3ad46e1146</a>,55.45260762728229,23.662625821498644,,2022-11-15 12:00:00.000
<a href=https://celoscan.io/address/0x738173e1cdf4a4c785dc63c6987a1fd3bbfb3aff target=_blank>0x738173e1cdf4a4c785dc63c6987a1fd3bbfb3aff</a>,55.02391460451568,23.47969479220972,,2022-11-15 12:00:00.000
<a href=https://celoscan.io/address/0x7b893278ce940767f3df5801b035e90d0e608960 target=_blank>0x7b893278ce940767f3df5801b035e90d0e608960</a>,54.53703767736512,23.27193564360989,,2022-11-15 12:00:00.000
<a href=https://celoscan.io/address/0xaf0993547811960f8098da70f77be23dde85a69e target=_blank>0xaf0993547811960f8098da70f77be23dde85a69e</a>,53.03493840610967,22.630962846778303,,2022-11-15 12:00:00.000
<a href=https://celoscan.io/address/0x0d44ce75cb96ff2802512041d9f038598f6459a0 target=_blank>0x0d44ce75cb96ff2802512041d9f038598f6459a0</a>,52.89064607046361,22.56939070989609,,2022-11-15 12:00:00.000
<a href=https://celoscan.io/address/0x76403a85edf090e8ca56863f3900a42bd756386a target=_blank>0x76403a85edf090e8ca56863f3900a42bd756386a</a>,51.30023174718464,21.890732290695134,,2022-11-15 12:00:00.000
<a href=https://celoscan.io/address/0x9ad0ab36b72a2fe8727bec31883de350555688d5 target=_blank>0x9ad0ab36b72a2fe8727bec31883de350555688d5</a>,49.51381975793062,21.128438139464638,,2022-11-15 12:00:00.000
<a href=https://celoscan.io/address/0x43ba812d4265336a103af294016dee1f0e815923 target=_blank>0x43ba812d4265336a103af294016dee1f0e815923</a>,49.48416229990486,21.115782768290803,,2022-11-15 12:00:00.000
<a href=https://celoscan.io/address/0x5ac1cf26edf0c87a7122e02213baf073e167fbfd target=_blank>0x5ac1cf26edf0c87a7122e02213baf073e167fbfd</a>,49.4572799095246,21.104311568432518,,2022-11-15 12:00:00.000
<a href=https://celoscan.io/address/0xe5683dcb3ae478c103befadd472670003e71c766 target=_blank>0xe5683dcb3ae478c103befadd472670003e71c766</a>,46.22538295100895,19.725202962088638,,2022-11-15 12:00:00.000
<a href=https://celoscan.io/address/0x53aff2dd35c2dbff8c5535d86b74092ea0a634c3 target=_blank>0x53aff2dd35c2dbff8c5535d86b74092ea0a634c3</a>,46.03335201162132,19.643259903695025,,2022-11-15 12:00:00.000
<a href=https://celoscan.io/address/0xf23102909b67e197b8376f99cfc8207ededdb3d6 target=_blank>0xf23102909b67e197b8376f99cfc8207ededdb3d6</a>,45.673453331602055,19.489684658754566,,2022-11-15 12:00:00.000
<a href=https://celoscan.io/address/0xd72ee0de8c19c0c806ec242f2f3442a62b92765e target=_blank>0xd72ee0de8c19c0c806ec242f2f3442a62b92765e</a>,45.002555591327905,19.20340051682026,,2022-11-15 12:00:00.000
<a href=https://celoscan.io/address/0xccbcdee75407f7761cf454f2de77b1cbee331759 target=_blank>0xccbcdee75407f7761cf454f2de77b1cbee331759</a>,44.94154917215293,19.177367979642753,,2022-11-15 12:00:00.000
<a href=https://celoscan.io/address/0xd8db7d8966363488f38022296315923fa6c81e6a target=_blank>0xd8db7d8966363488f38022296315923fa6c81e6a</a>,43.279749588354655,18.46824818484352,,2022-11-15 12:00:00.000
<a href=https://celoscan.io/address/0x82235497d6c5453f5b750c59916a4f9a3b44f919 target=_blank>0x82235497d6c5453f5b750c59916a4f9a3b44f919</a>,39.83800920532015,16.9995956120758,,2022-11-15 12:00:00.000
<a href=https://celoscan.io/address/0xd3bf15c3beb4d3bbe144b95b092d9aa50bfe8a67 target=_blank>0xd3bf15c3beb4d3bbe144b95b092d9aa50bfe8a67</a>,38.97014999056207,16.629264463672666,,2022-11-15 12:00:00.000
<a href=https://celoscan.io/address/0xcb2119b561782df3afaeade4c718d11b09f42918 target=_blank>0xcb2119b561782df3afaeade4c718d11b09f42918</a>,35.30437057976242,15.06501040505506,,2022-11-15 12:00:00.000
<a href=https://celoscan.io/address/0x2411170bff3077b1a11a6c33a6b68187b1c26ffa target=_blank>0x2411170bff3077b1a11a6c33a6b68187b1c26ffa</a>,34.837183864116206,14.865653424127938,,2022-11-15 12:00:00.000
<a href=https://celoscan.io/address/0xbb7655767fc09f7cf0ed7f53a6eb2347d851f07c target=_blank>0xbb7655767fc09f7cf0ed7f53a6eb2347d851f07c</a>,34.55675947439059,14.745991289393002,,2022-11-15 12:00:00.000
<a href=https://celoscan.io/address/0xd9126550eccbafcef2058e14d12c01948a4c199f target=_blank>0xd9126550eccbafcef2058e14d12c01948a4c199f</a>,34.0400563234346,14.525504754223364,,2022-11-15 12:00:00.000
<a href=https://celoscan.io/address/0x3bde884876dba4e4382c3b9dfa148f642009ed7c target=_blank>0x3bde884876dba4e4382c3b9dfa148f642009ed7c</a>,33.11380214572253,14.130255424018426,,2022-11-15 12:00:00.000
<a href=https://celoscan.io/address/0xbd9106f8276e8f8295db3be19f0951991c342320 target=_blank>0xbd9106f8276e8f8295db3be19f0951991c342320</a>,32.85453505098975,14.019621487888244,,2022-11-15 12:00:00.000
<a href=https://celoscan.io/address/0x54a2630557f6a9f3fe6ffb33e2c5c5b8e6cd6245 target=_blank>0x54a2630557f6a9f3fe6ffb33e2c5c5b8e6cd6245</a>,30.868722250585645,13.172239421325404,,2022-11-15 12:00:00.000
<a href=https://celoscan.io/address/0xd312862706fa2ae22ac4e93ec7252c0e1a58a788 target=_blank>0xd312862706fa2ae22ac4e93ec7252c0e1a58a788</a>,29.83494201794984,12.731106788015518,,2022-11-15 12:00:00.000
<a href=https://celoscan.io/address/0x99e5f8ec4f84aa329c2e7e34804576fb3fb7c01c target=_blank>0x99e5f8ec4f84aa329c2e7e34804576fb3fb7c01c</a>,29.613995218640515,12.636824811707843,,2022-11-15 12:00:00.000
<a href=https://celoscan.io/address/0x0d19a35ba6fd888a3bc37fdbc3f32e77f896a1a9 target=_blank>0x0d19a35ba6fd888a3bc37fdbc3f32e77f896a1a9</a>,29.586531234183706,12.625105435188402,,2022-11-15 12:00:00.000
<a href=https://celoscan.io/address/0xe97bbc1429c4568be854c94c081cc04ef2592a84 target=_blank>0xe97bbc1429c4568be854c94c081cc04ef2592a84</a>,25.44414453153176,10.857474466206169,,2022-11-15 12:00:00.000
<a href=https://celoscan.io/address/0x0a45b08cc48f4f43ef82b2daf46989f7e7ddc5ed target=_blank>0x0a45b08cc48f4f43ef82b2daf46989f7e7ddc5ed</a>,25.305186692525822,10.798178655061234,,2022-11-15 12:00:00.000
<a href=https://celoscan.io/address/0x471489f76ada10a486d4e27675152c797bf54b23 target=_blank>0x471489f76ada10a486d4e27675152c797bf54b23</a>,21.098314033914267,9.003030367923827,,2022-11-15 12:00:00.000
<a href=https://celoscan.io/address/0x9a4d690dd35b6b8c4e47f280b38f0e1e77f9fa47 target=_blank>0x9a4d690dd35b6b8c4e47f280b38f0e1e77f9fa47</a>,20.00001814454765,8.534367742605083,,2022-11-15 12:00:00.000
<a href=https://celoscan.io/address/0x3da967035e4772f78bcced47ed6cc5705eecff61 target=_blank>0x3da967035e4772f78bcced47ed6cc5705eecff61</a>,19.91057349342448,8.496200099967107,,2022-11-15 12:00:00.000
<a href=https://celoscan.io/address/0xa7fc0240de289af2fb9e7ec32ec16e09f6fd915a target=_blank>0xa7fc0240de289af2fb9e7ec32ec16e09f6fd915a</a>,19.91057349342448,8.496200099967107,,2022-11-15 12:00:00.000
<a href=https://celoscan.io/address/0xc99874af0f429baf9ac785698a7c6721c47fc41d target=_blank>0xc99874af0f429baf9ac785698a7c6721c47fc41d</a>,19.890426748008498,8.48760312105669,,2022-11-15 12:00:00.000
<a href=https://celoscan.io/address/0x7a411b77b452312d66dcb17a698844a828e9f3e2 target=_blank>0x7a411b77b452312d66dcb17a698844a828e9f3e2</a>,19.870753582828986,8.479208227357619,yes (but no data on dune),2022-11-15 12:00:00.000
<a href=https://celoscan.io/address/0xd26ef715c9e2546b315343eb3a486253fa689e24 target=_blank>0xd26ef715c9e2546b315343eb3a486253fa689e24</a>,19.810385435984625,8.453448052472487,,2022-11-15 12:00:00.000
<a href=https://celoscan.io/address/0x6dba82fb5be19d748cc419614823be750c10bbd0 target=_blank>0x6dba82fb5be19d748cc419614823be750c10bbd0</a>,19.744703406736885,8.42542034831595,,2022-11-15 12:00:00.000
<a href=https://celoscan.io/address/0x7e66bef4e7ea96b9b968e0cb5db0e46de381359e target=_blank>0x7e66bef4e7ea96b9b968e0cb5db0e46de381359e</a>,19.734492350887916,8.421063106986189,,2022-11-15 12:00:00.000
<a href=https://celoscan.io/address/0xf458dd402d35d5e70a010a89e0fd30df6edabbb3 target=_blank>0xf458dd402d35d5e70a010a89e0fd30df6edabbb3</a>,18.88973824168174,8.060591323013949,,2022-11-15 12:00:00.000
<a href=https://celoscan.io/address/0x4fdd38b26730523ca43ac53a8d36734ce2c52887 target=_blank>0x4fdd38b26730523ca43ac53a8d36734ce2c52887</a>,18.805811237126335,8.024778159484075,,2022-11-15 12:00:00.000
<a href=https://celoscan.io/address/0xa4c57dd580d34b9f6e522d237de164904542c73c target=_blank>0xa4c57dd580d34b9f6e522d237de164904542c73c</a>,18.745490725433168,7.99903831137539,,2022-11-15 12:00:00.000
<a href=https://celoscan.io/address/0x084e0e0260bc4c90de87acbba2b53f0812b8e7ee target=_blank>0x084e0e0260bc4c90de87acbba2b53f0812b8e7ee</a>,17.731624548081644,7.566403363908303,,2022-11-15 12:00:00.000
<a href=https://celoscan.io/address/0x5cc5d08b389a0d0779b4065cd3a95f644846f11b target=_blank>0x5cc5d08b389a0d0779b4065cd3a95f644846f11b</a>,16.464450190973412,7.025677256591792,,2022-11-15 12:00:00.000
<a href=https://celoscan.io/address/0x644bec92e02594be0ce3a29d0a9ee959dd714673 target=_blank>0x644bec92e02594be0ce3a29d0a9ee959dd714673</a>,15.79304106298832,6.739174896316249,,2022-11-15 12:00:00.000
<a href=https://celoscan.io/address/0xf8b4a41704a3fc23b5222a7745fad5f001e7b761 target=_blank>0xf8b4a41704a3fc23b5222a7745fad5f001e7b761</a>,15.606485765431769,6.659568392853513,,2022-11-15 12:00:00.000
<a href=https://celoscan.io/address/0xb63faea2bab332eebdd6feb4a298f3d7cdd9d294 target=_blank>0xb63faea2bab332eebdd6feb4a298f3d7cdd9d294</a>,15.045927219979443,6.420367971455188,,2022-11-15 12:00:00.000
<a href=https://celoscan.io/address/0x80075612191b82060a5235c10a556d1345ec6b6c target=_blank>0x80075612191b82060a5235c10a556d1345ec6b6c</a>,13.428969630113675,5.730383062622847,,2022-11-15 12:00:00.000
<a href=https://celoscan.io/address/0xb594eae91ff81fd75622acea1da91f346ecd4e01 target=_blank>0xb594eae91ff81fd75622acea1da91f346ecd4e01</a>,13.42605052575069,5.729137428247283,,2022-11-15 12:00:00.000
<a href=https://celoscan.io/address/0x0a336306692f753c7cb0152e8f8eb70e3ce2dafb target=_blank>0x0a336306692f753c7cb0152e8f8eb70e3ce2dafb</a>,13.020528403701146,5.556093839370545,,2022-11-15 12:00:00.000
<a href=https://celoscan.io/address/0x427379e8d263172f9e9eb17ecf310e8ab3f460fe target=_blank>0x427379e8d263172f9e9eb17ecf310e8ab3f460fe</a>,12.993695609156067,5.544643802947858,,2022-11-15 12:00:00.000
<a href=https://celoscan.io/address/0xf4aa351309c3c631e0ebf468de7640ae3d1e9cbb target=_blank>0xf4aa351309c3c631e0ebf468de7640ae3d1e9cbb</a>,12.920702127610491,5.513496170489693,,2022-11-15 12:00:00.000
<a href=https://celoscan.io/address/0x61f1963a7989330bc579430559a9ddcbd295fa91 target=_blank>0x61f1963a7989330bc579430559a9ddcbd295fa91</a>,12.64044767581704,5.393906551329295,,2022-11-15 12:00:00.000
<a href=https://celoscan.io/address/0x4884081120d7850518fdc893a837eed4fbec86fe target=_blank>0x4884081120d7850518fdc893a837eed4fbec86fe</a>,12.229598464601954,5.218589797618017,,2022-11-15 12:00:00.000
<a href=https://celoscan.io/address/0xc0c6984dfa6e4f38c953fbf391020e54a19e9a6f target=_blank>0xc0c6984dfa6e4f38c953fbf391020e54a19e9a6f</a>,12.192955715341188,5.202953676938961,,2022-11-15 12:00:00.000
<a href=https://celoscan.io/address/0xc3f9402d6e2022c199225981322a21cc6860e36c target=_blank>0xc3f9402d6e2022c199225981322a21cc6860e36c</a>,12.159764217631,5.188790267419065,,2022-11-15 12:00:00.000
<a href=https://celoscan.io/address/0xa027a68b01508c7355ea6fee15713019151b40a0 target=_blank>0xa027a68b01508c7355ea6fee15713019151b40a0</a>,11.865438910518778,5.063196361018751,,2022-11-15 12:00:00.000
<a href=https://celoscan.io/address/0xddea6edef634723d31f50eabb6d5015de78af5bd target=_blank>0xddea6edef634723d31f50eabb6d5015de78af5bd</a>,11.795429933354232,5.033322270301051,,2022-11-15 12:00:00.000
<a href=https://celoscan.io/address/0x153cfacd2c76b35ee54d8761984a9e3012410418 target=_blank>0x153cfacd2c76b35ee54d8761984a9e3012410418</a>,10.880216620604246,4.642784275911002,,2022-11-15 12:00:00.000
<a href=https://celoscan.io/address/0x2034b095978cb59d29828fd73f6c7b48ee667d5d target=_blank>0x2034b095978cb59d29828fd73f6c7b48ee667d5d</a>,10.709921904352813,4.570116455181624,,2022-11-15 12:00:00.000
<a href=https://celoscan.io/address/0xa8b9b077afbb811fb29667bea079cf2996257fb2 target=_blank>0xa8b9b077afbb811fb29667bea079cf2996257fb2</a>,10.518920490127472,4.488612713706215,,2022-11-15 12:00:00.000
<a href=https://celoscan.io/address/0xae794c3f7e8a78cb801f10fc080d14838a137d35 target=_blank>0xae794c3f7e8a78cb801f10fc080d14838a137d35</a>,10.20941882577274,4.356542782496092,,2022-11-15 12:00:00.000
<a href=https://celoscan.io/address/0x377cf7555fd49930412baae234424336b79b46a8 target=_blank>0x377cf7555fd49930412baae234424336b79b46a8</a>,10.136510918297493,4.32543166603407,,2022-11-15 12:00:00.000
<a href=https://celoscan.io/address/0xa397b1a70371a813fa4b21d2fb4fdc98e374d7b2 target=_blank>0xa397b1a70371a813fa4b21d2fb4fdc98e374d7b2</a>,10.00002867867608,4.267192237707299,,2022-11-15 12:00:00.000
