Address,Total cStables in USD,Contract,Beneficiary,cUSD in USD,cEUR in USD,cREAL in USD,cUSD Balance,cEUR Balance,cREAL Balance,Snapshot Date
0x351aebcded9240ae77dd0a3987e2110b15e0f038,10217.288619816527,Validator,,10216.122696017886,1.1563147398273215,0.009609058813648616,10240.012645519884,1.0636270847784712,0.04719030368534478,2023-04-15 
0xe267d978037b89db06c6a5fcf82fad8297e290ff,23.01777433651615,Validator,,21.81106057049261,1.2022763667664882,0.004437399257052178,21.862064767595413,1.1059045284442692,0.02179216743017356,2023-04-15 
0x6088e40ba11a8ef9af341595a611498fbf6a7294,21.027332094032904,Validator,,20.141277790696833,0.8806132258245664,0.00544107751150414,20.188377274879127,0.8100251998353173,0.02672125388374898,2023-04-15 
0xe37f80f22f43579edce961563f793031d00bfa9f,20.199359467518644,Validator,,19.797613285069424,0.39985179977438284,0.0018943826748364558,19.843909125058186,0.367800555929057,0.009303355870276303,2023-04-15 
0x82f0e7879314516952f7961b15c63fc6b2734dfb,18.642731756626564,Validator,,17.699874411740513,0.9401052933375389,0.0027520515485134223,17.741264782478034,0.86474851361554,0.013515386975007941,2023-04-15 
0xdff75a3b93fd9ead6922ca5269c2db0a104d3d05,18.551827258502513,Validator,,17.674217496559955,0.8730941985341237,0.004515563408436771,17.71554786974006,0.8031088812917194,0.02217603333345089,2023-04-15 
0x89457b24524c94f97c0cc03f794c3e80b3dfd30b,18.413785591884537,Validator,,17.500242389113364,0.9068746424292218,0.00666856034194963,17.54116592922625,0.8341815588466484,0.03274944963742599,2023-04-15 
0x4a03c4c2e101ac4612d89b79f61c9c5bdd51929d,18.377993536227834,Validator,,17.50858093599635,0.8653564056769615,0.004056194554520377,17.54952397543103,0.7959913329497237,0.019920062572910582,2023-04-15 
0xe3b1e1647bece359c76582550f6e210999973b50,18.374925534366593,Validator,,17.504319061041237,0.8687193008504501,0.0018871724749060285,17.54525213427049,0.7990846658171465,0.009267946416452831,2023-04-15 
0x794e6c182bfdf9a79b472f706dbb01876e53e5bd,18.282082498660735,Validator,,17.400544660446094,0.8771273455098677,0.004410492704772398,17.44123506184538,0.806818740046036,0.02166002874751664,2023-04-15 
0x909621ca0ac6c1494775bce3469e8c0e157fa469,18.205239299873835,Validator,,17.322164438155884,0.8798517094012079,0.003223152316742186,17.362671550884098,0.8093247248993076,0.01582897343027423,2023-04-15 
0x6ce2bf81eb8712685094a88fe0ab36355cc77c32,18.20233125315071,Validator,,17.29223776984751,0.8927940241916988,0.017299459111503417,17.33267490039012,0.8212296121041104,0.08495803230015529,2023-04-15 
0x535f03cd6a8c79a17b9322274f655cd7379cb270,18.1909803868036,Validator,,17.306776963565866,0.876220288606369,0.007983134631362881,17.347248093367693,0.8059843908357678,0.03920535350245838,2023-04-15 
0x63b4b616c5345e3dcc9e21db69297e2129447f4e,18.141498436357953,Validator,,17.259189294483793,0.8799833640004066,0.002325777873753816,17.29954914263356,0.8094458263544047,0.011421947382734747,2023-04-15 
0xdc28d9d983e60a998dcedaa3b1b7ebb78301ef41,18.08424312553044,Validator,,17.207729716292977,0.8683376197499314,0.00817578948753154,17.247969228503077,0.7987335794370487,0.040151485828773426,2023-04-15 
0xa870d462f8d93d745a025dc0230d1a7793f73bf5,17.92249123023271,Validator,,17.08988280998193,0.8304896669710027,0.002118753279776067,17.129846742432026,0.7639194355949518,0.010405244951247013,2023-04-15 
0x1f1788b0966056fa64e8e1453a74a9052a2b3e8f,17.70920503654346,Validator,,16.855942795018112,0.8496583508639005,0.0036038906614457686,16.895359669126183,0.7815515998023264,0.017698787993766875,2023-04-15 
0x159e7e0fe97178d893b1559d85657838ad410a90,17.680103349802707,Validator,,16.837469583695878,0.8394173223651098,0.0032164437417208855,16.87684325901917,0.7721314697009591,0.015796027467647647,2023-04-15 
0xc46dc0741ff61af883e284daea062ae7382e7091,17.51501117832589,Validator,,16.64138078422652,0.8702700581605837,0.003360335938782333,16.68029591459527,0.8005111178203638,0.01650268527971518,2023-04-15 
0xff3bd8067551f79ac3ebbb1fa00d114e4b53b642,17.50504273851599,Validator,,16.616441588072,0.8856315393924851,0.0029696110515063257,16.65529839923742,0.8146412563871405,0.014583826581318297,2023-04-15 
0xffbcf262c1d5c4392ef469ba79f2cd195d2affda,17.358137012975146,Validator,,16.433476297868044,0.9216156907073992,0.003045024399704337,16.47190525282288,0.8477409970053611,0.014954183228354108,2023-04-15 
0xaa397ca08bbebc31717f8ab2cea35320c51568e6,17.35495333646666,Validator,,16.49472444526674,0.8579216034354527,0.002307287764466264,16.53329662629589,0.7891524881597478,0.011331142040674041,2023-04-15 
0x8234915fe3b271acb26f37dd04e72cb2f7eb435c,17.272037973214122,Validator,,16.418426305518075,0.8457849654615726,0.00782670223447542,16.456820066733766,0.777988696483878,0.038437110487350566,2023-04-15 
0xd8c68ebecb6f074ac5c4fb66a690ac0ad38a5a3c,17.248008871812566,Validator,,16.359331913016938,0.8845844493204843,0.004092509475141463,16.397587484618555,0.8136780987602222,0.020098405963835,2023-04-15 
0xd375e40327b48738234f385b98056cefc6cad73a,17.173160530360747,Validator,,16.287805086682255,0.8835105607316399,0.0018448829468504296,16.325893395975065,0.8126902907268316,0.009060261594207909,2023-04-15 
0x4b64995254836fa1d104a85df94e0401689e587a,17.16616970833627,Validator,,16.297075795750388,0.8550945302365327,0.013999382349350485,16.33518578418489,0.7865520269518662,0.06875128119048923,2023-04-15 
0x2ad6d354e3ab2a196b64964a788534fdf7932e2b,17.155600030121256,Validator,,16.264570204274772,0.8716446371094123,0.019385188737072095,16.302604179826307,0.8017755135335576,0.09520109734376839,2023-04-15 
0xcceb5af6a01c70884b4a80d838a4368465bfaeb7,17.099306074691683,Validator,,16.25910475405975,0.8361742849560909,0.0040270356758437586,16.29712594889853,0.7691483870623192,0.019776862664724025,2023-04-15 
0x2eb79345089ca6f703f3b3c4235315cbeaad6d3c,17.097087409217895,Validator,,16.16424973736423,0.9271676500498609,0.005670021803803954,16.202049117956424,0.8528479234561239,0.027845604446085918,2023-04-15 
0xe10a8cc6c22cdc320c67bd600a1d8a0a46d7f400,17.051287392987774,Validator,,16.17601411542216,0.8704097434103725,0.004863534155242863,16.213841006490302,0.8006396062067018,0.0238849254875994,2023-04-15 
0x9778c47192e8875efb2da2f31081faae574f96e2,17.04195192075951,Validator,,16.13583649231455,0.9030838248855978,0.003031603559361858,16.17356942979426,0.8306946049283285,0.014888273179955348,2023-04-15 
0xa3ba418dbd6e2f2a0edebae256f988fcc92b8e86,17.035244381266068,Validator,,16.231060891563985,0.7987126631466854,0.00547082655539918,16.26901650707499,0.7346896067460172,0.026867352106580287,2023-04-15 
0x9b4d41cc147bedb172d18fea2b298a00fd66d33f,17.031104874798643,Validator,,16.110105585667622,0.905053480856205,0.015945808274817123,16.147778352564153,0.8325063775935686,0.07831022263367537,2023-04-15 
0xb845cb768f50b3af71b53ba9ab3c72162ccb094e,17.016575537944828,Validator,,16.168720750799423,0.8438396985982468,0.004015088547160405,16.206530586658097,0.7761993579485374,0.019718190047387705,2023-04-15 
0xaf35c24f9644e3743ffcba9c17980492c31d75a4,17.002896953066326,Validator,,16.098256920118477,0.9005709373730281,0.004069095574818704,16.135901979436504,0.8283831449708347,0.01998341977339562,2023-04-15 
0xdab4266f7e3c45a500a2af96c59793dc105bd094,17.002769240521737,Validator,,16.20183360576769,0.7962866517606833,0.004648982993362412,16.239720874568057,0.7324580591152068,0.022831259912069673,2023-04-15 
0xaaf29578f2dbc2aac1b0d906a326512a8d706335,16.973277110180526,Validator,,16.115388604269736,0.8531038998542934,0.004784606056497278,16.153073725270794,0.784720961137857,0.023497307821671434,2023-04-15 
0xd3b544dd9de0b5d935453418e581fa6a2a8f33a7,16.959094029583277,Validator,,16.155189634369915,0.80024916033595,0.003655234877408859,16.19296782831337,0.736102941688398,0.017950940591723984,2023-04-15 
0x9e64ca737d74645c41fc9b021eb873694759435c,16.949092852439463,Validator,,16.101390262059898,0.8447825341848537,0.002920056194709672,16.139042648558988,0.7770666179010983,0.014340461566422533,2023-04-15 
0xd26efe150d59def6f94a11cb1a6ccda41b68436d,16.932454910519827,Validator,,16.100816270879296,0.8296745422549905,0.0019640973855370586,16.138467315125485,0.7631696494895248,0.009645726380551932,2023-04-15 
0x74288dbefa3a55986c039953b67139a466474fc4,16.891028093028712,Validator,,16.01626705883882,0.8641659199686256,0.010595114221262964,16.053720388505205,0.7948962739663739,0.052032843942232745,2023-04-15 
0x2765162cc4ad257a956f0411675bc45257e6cb30,16.85871094879747,Validator,,15.943187311385126,0.913135564568075,0.00238807284426951,15.98046974730559,0.8399406191900007,0.01172787938229017,2023-04-15 
0x903c004fc72e7051841b86d4b7e0117173cf873a,16.813058989300593,Validator,,15.893724218778903,0.9170098308226615,0.0023249396990291517,15.930890987452631,0.8435043327535214,0.01141783108783372,2023-04-15 
0x0cdf34e216dab593f00a95b2a4aab735a1b421fc,16.73881293980975,Validator,,15.834259002038875,0.9022926911064326,0.002261246664440983,15.871286713942503,0.829966886698836,0.011105033164213188,2023-04-15 
0x503ae8e26403bd8d41c21f73e75a3c118d2c0743,16.737657036148377,Validator,,15.887195135160379,0.8464814980079701,0.003980402980026193,15.924346635861845,0.7786293965080676,0.019547848448038047,2023-04-15 
0xb2625af7898f3f3c03959e8c5a2da25740cf32da,16.640451294377787,Validator,,15.775346801969205,0.8639904047454817,0.001114087663101566,15.812236750307672,0.7947348276588101,0.00547130953961726,2023-04-15 
0x25239ab5b49f93f7cccd0ebeb1b36ff8639e31b5,16.55808534047697,Validator,,15.710054044607439,0.8418203592061129,0.0062109366634170654,15.746791308730709,0.7743418843759403,0.030502049472398127,2023-04-15 
0x9052b0ea28ce47cf51d4098247095a4e555c95d8,16.362132592454444,Validator,,15.561667796322343,0.7976493258879263,0.002815470244174262,15.59805806578983,0.7337115042712195,0.013826837613993791,2023-04-15 
0x2a1bff2452aca1ca5ffabbd34b2744109d11e4f5,16.358762919762242,Validator,,15.506358677663108,0.8501902755835865,0.0022139665155470967,15.5426196092114,0.7820408866023941,0.010872839290925444,2023-04-15 
0x6b6cd1d6d59b32d75703f91b41ca8e525288dd4f,16.315624522268983,Validator,,15.46931087421005,0.8435903673966814,0.002723280662250982,15.50548517111426,0.775970012589587,0.013374092506283014,2023-04-15 
0xe5617da4dfa6ce4912f1d39889fe2dec2f7e66b3,16.194914921400887,Validator,,15.508056265989623,0.6793959803879118,0.007462675023352679,15.544321167272871,0.6249370877501045,0.036649364676261245,2023-04-15 
0x16810235e0d73ce3e300b0a8b3f5b9e82f73db10,15.827623505752161,Validator,,14.991627651381657,0.8286846839383338,0.0073111704321698456,15.026684907270319,0.7622591360458871,0.03590532222566382,2023-04-15 
0x96a4aef5fce29918a76a782f8e7b90516128bd37,15.605076509812504,Validator,,14.747834398395868,0.8468682877091354,0.010373823707499914,14.78232155458271,0.7789851819945816,0.05094608125821925,2023-04-15 
0xc6f916ad6e360651bb95f8e67c1c28805745d084,15.478435114775737,Validator,,14.65867731874342,0.7376554618084179,0.08210233422389937,14.692955985056557,0.6785266168373598,0.4032064076658869,2023-04-15 
0x1a503375a2878de7feee2698c7513abde71b8b2e,15.022039959690458,Validator,,14.185420347784133,0.8329770920016011,0.003642519904723948,14.218592323675267,0.7662074740872186,0.017888497075247683,2023-04-15 
0x77ef632e023632a4e9130ab81882e163485849a1,14.969259597246003,Validator,,14.164459641256787,0.7999672739997573,0.0048326819894595,14.197582601466008,0.7358436507430552,0.023733409808394737,2023-04-15 
0x8210b17bf48a805d9a799eb71d3277e7a1f4c617,14.926757092234773,Validator,,14.115446537315126,0.8097006726277679,0.0016098822918783077,14.14845488255613,0.7447968414714237,0.007906168098741154,2023-04-15 
0xbe685bdede8f4676668702ac21c8231463c8f2bc,14.79249809474623,Validator,,14.016558971706026,0.7736754597905836,0.0022636632496214745,14.049336072763785,0.7116593307325565,0.011116901068319147,2023-04-15 
0xefc633e5d569ec74c12255d0043f260f51664e94,14.782136673908079,Validator,,13.925490325497817,0.8473931895491843,0.009253158861077446,13.95805446656832,0.7794680088536506,0.04544247102356756,2023-04-15 
0x157fff3d901f41b5ca9f5ec5f785677a72951030,14.748357118572216,Validator,,13.935715505670618,0.8093414061245039,0.003300206777092571,13.968303557871133,0.7444663729835945,0.0162073896159552,2023-04-15 
0x369e1950614527c64f670da1a279c45602d4fab6,14.549010389983208,Validator,,13.83473077802646,0.7105757198641117,0.0037038920926351893,13.867082681923387,0.6536175276519388,0.018189897268703865,2023-04-15 
0x2d2c321a47eda8b1d9b43c2a6d5e978b60bcd0b1,14.540617536687952,Validator,,13.598060679225267,0.9393594579860984,0.0031973994765877407,13.629859140600287,0.8640624627910941,0.015702500653781048,2023-04-15 
0x16b528a3d3e88456a9586ac06ecdbb9f1bf5bcf0,14.355565500145337,Validator,,13.617600239288272,0.7262762681248757,0.011688992732189037,13.649444393057275,0.6680595543777366,0.057404905881551185,2023-04-15 
0xbdc2ef13bacaf6d2e8eff57d0f85693c603586b2,14.035748643023823,Validator,,13.289562601817662,0.742346727244486,0.003839313961673847,13.32063965413075,0.6828418407187334,0.018854957109579653,2023-04-15 
0x32da3aed76affe5835db1fef289aa6cf0b51cff9,13.585828045430677,Validator,,12.818461758743393,0.7657148509212092,0.001651435766074111,12.84843716264384,0.704336826821503,0.008110238143946395,2023-04-15 
0xaa4b2792eb953bb569e69d81ba064128ccad700f,13.399160574462547,Validator,,12.523552416614745,0.8734771916599618,0.002130966187840111,12.5528381881076,0.8034611745280629,0.010465222817092189,2023-04-15 
0x4e986af5c4796432bfa2a3fb7ade1b0e9cda988b,12.973431553359653,Validator,,12.091376994803587,0.877196940456627,0.004857618099438328,12.119652143253798,0.8068827564144064,0.02385587160464898,2023-04-15 
0x19541de2497f7de9a971a8dab491ff775332e6c0,12.839913501432799,Validator,,12.035668522996936,0.8001276403180115,0.004117338117851671,12.06381339965834,0.735991162448741,0.020220339985918975,2023-04-15 
0xa09904adf818a9ce4771d4401e592b2758ba2305,12.677417792595337,Validator,,11.858915456208846,0.8143705290877837,0.004131807298707734,11.886647003668404,0.7490923724733395,0.020291398458129172,2023-04-15 
0x66be809e9ba5a6f57625b32506916db49a75d360,12.641436528656234,Validator,,11.770467415808302,0.8689936137139929,0.001975499133939137,11.797992131450977,0.7993369903628068,0.009701720623075843,2023-04-15 
0xfb6d6435b9fff72b4ba9436107ae2435d10a0780,11.739513327821646,Validator,,11.251530143262602,0.4834715128060174,0.004511671753025126,11.277841347125447,0.44471749604791405,0.02215692132630474,2023-04-15 
0x75ae8967bbfec09ca22136f9c943f21d7e40492d,11.631491714761115,Validator,,11.235277248213613,0.39338873207877373,0.0028257344687264954,11.261550445402738,0.36185555357370075,0.013877245451338534,2023-04-15 
0xa0943268ea27cfbfe5f7c2a855cb0a8bb018a06b,11.606512530455609,Validator,,11.087172382914732,0.5110148139597258,0.008325333581151692,11.1130992434497,0.4700529865525748,0.040885900231801206,2023-04-15 
0x806315ebb8fcbb9eba37dad7360131ad64534e7d,11.60594963408325,Validator,,11.15131531962818,0.45217242394835766,0.0024618905067114996,11.177392175573795,0.4159272735494389,0.012090399580733734,2023-04-15 
0x1634093a1145f6582bdfb7414c5a832e60791d28,11.506673112357625,Validator,,10.704144613199482,0.7973365596170137,0.005191939541128672,10.72917578029491,0.733423808659039,0.025497731714765125,2023-04-15 
0x40449660dfe53fdd19c86be7582c7481aea84d8b,11.495387845533243,Validator,,11.033467927630278,0.4572928431421704,0.0046270747607942385,11.059269202680131,0.4206372511639871,0.022723668089795385,2023-04-15 
0x03ffd0f9d7a9c25284c6e8fb5103e28bd1b2d22f,11.483173829128605,Validator,,10.977194112974551,0.5015975666214271,0.004382149532626675,11.002863794206435,0.4613906051194986,0.021520834792426793,2023-04-15 
0xedc5a546f39447e5f7da8af961ab313d3e47bfe7,11.392394051066313,Validator,,10.91842144555457,0.4710295358461004,0.0029430696656444536,10.943953689512202,0.43327284068986366,0.014453481239142576,2023-04-15 
0x101faee41151b7db2ddaa4781e19dcd52279939f,11.388051030928132,Validator,,10.865833938541423,0.5180556958011776,0.004161396585532592,10.891243208947898,0.4765294867383386,0.02043671211040014,2023-04-15 
0x3dcb205b07afe0f131e309873dbe775bcea39d06,11.366118637430958,Validator,,10.609951857812735,0.7514839049982929,0.004682874619928408,10.634762759330252,0.6912466023313335,0.022997702451454275,2023-04-15 
0xe88b6d24de40f94f579d851ee7879cb87359f307,11.286280026016808,Validator,,10.835978470953018,0.4478193580778294,0.0024821969859599134,10.861317925673614,0.4119231398977222,0.012190125156473958,2023-04-15 
0x4737f30dc688f3195843da53d04828c96f74b6ea,11.251069719967024,Validator,,10.929628444359981,0.31756828386360536,0.0038729917434376948,10.95518689538692,0.29211270629862435,0.019020349452337236,2023-04-15 
0xe8b4848b58784b95258ff720c0c06dde4062d9ef,11.167748938360694,Validator,,10.80475429683431,0.35713638612858023,0.005858255397802054,10.830020735209555,0.3285091162143161,0.02877002385456505,2023-04-15 
0x8e5db67c3ca13c3487fa291953ade27b503ed6bd,11.061535529137924,Validator,,10.59833474702494,0.4596775606031489,0.003523221509836106,10.623118482444482,0.42283081490029273,0.017302619978113568,2023-04-15 
0x2c8e050a6d0efbd773587fb45835b936b2a9cb5b,10.958499132909825,Validator,,10.187415928025297,0.7684800417613202,0.002603163123208251,10.211238748024439,0.7068803660248194,0.012784192573803525,2023-04-15 
0xd8b63889738049c0e71b21ebdf0a84dcc3349033,10.823585360982817,Validator,,10.458664307605371,0.36140112566164206,0.0035199277158034143,10.483121429901331,0.3324320035741775,0.017286444081629417,2023-04-15 
0x478d80dede7c4bff0b7493a89bfffdc0daa487d6,10.581129242089602,Validator,,10.294347800991966,0.2841668483125346,0.00261459278510245,10.318420676430078,0.26138865660960386,0.012840323900114272,2023-04-15 
0x5c0982e161f91b2fd330f89319810df8ad98b367,10.3336360683697,Validator,,10.056868982994986,0.2735776718541885,0.0031894135205249806,10.080386524757245,0.2516482853260229,0.01566328144416562,2023-04-15 
0x147ec904ea1015734c4db95c78e680f28b30c08d,10.267512448343625,Validator,,9.98696504345814,0.2755079826956043,0.005039422189882017,10.010319117960341,0.2534238666813881,0.024748715576744303,2023-04-15 
0xc449fe37fa135e67eb8cfe3f6e4f1aca0b672655,10.247620028217584,Validator,,9.931928236013983,0.31531320016897885,0.00037859203462346243,9.955153609384677,0.2900383851701008,0.001859273986475891,2023-04-15 
0xc9072e121bcebb2ac20385c790f4429c0e7e9c36,10.189873981096655,Validator,,9.895612763304424,0.29236146749772635,0.0018997502945055059,9.918753214553979,0.26892641308247983,0.009329716371045653,2023-04-15 
0xf82481de481bde278d8cc623e4349c4884d189fc,10.033349353541318,Validator,,9.718080334060597,0.2997398967693789,0.015529122711341832,9.740805633603795,0.27571340363630076,0.07626387047130043,2023-04-15 
0xfc5f85118eda68e50bff87d08a2834bcd460f9c7,9.93836563541632,Validator,,9.734271907862892,0.2024756793061982,0.0016180482472293002,9.757035070682795,0.1862456726541018,0.007946271288904476,2023-04-15 
0x1d7f7ab5ba021c2f0bc77222d3be31de7cdc1e08,9.48286215188561,Validator,,8.849014135677278,0.6331321239769053,0.0007158922314282261,8.86970716248736,0.5823816406644805,0.003515762829871727,2023-04-15 
0x6af4da1576bbeaf1a7a2ae695c508dab93510ff4,9.415638479708218,Validator,,9.145060070468144,0.26741072894465884,0.0031676802954148384,9.166445387557316,0.24597567104296203,0.015556549087448973,2023-04-15 
0xe8f5681819997208f2f2a7e0daf5382a40b031d1,9.337910789226232,Validator,,9.173523975226722,0.16434379060603782,0.00004302339347251845,9.194975853893856,0.15117035257186756,0.00021128885179248,2023-04-15 
0xe42c179942c16809daaa43e956092248a243a55d,9.328412037443211,Validator,,9.166705059007635,0.1593405866441243,0.0023663917914521645,9.188140991941836,0.14656819447315053,0.011621403244875412,2023-04-15 
0xbf5049910db82e8c92b7158c959330bfe5cc135e,9.285816994307849,Validator,,9.103151670293572,0.18250775076858491,0.00015757324569206008,9.124438986448958,0.16787832950088896,0.000773845749214464,2023-04-15 
0x1d6c374ea695f2b7a7727f272f70c2a5c1065319,9.23353554713668,Validator,,8.993628470710474,0.2395385641347197,0.000368512291486534,9.014659671724608,0.2203376778719264,0.001809772141505779,2023-04-15 
0xf598c0372c11a19ac0aed5705cf529d110244db3,9.187386997596082,Validator,,8.980546044950296,0.20411539698975512,0.002725555656030816,9.001546653292428,0.18775395416219864,0.013385265051839727,2023-04-15 
0xd14a2fc85ab1d329d3cd69951f3f081109fdefce,9.152955054563924,Validator,,8.970573437937214,0.18222031720946297,0.00016129941724659248,8.99155072578046,0.1676139359858482,0.000792145061421016,2023-04-15 
0xa66e834933e2c51542e95477d71f5a0aaf7d4999,9.121814042920017,Validator,,8.909403968062161,0.20898439957218004,0.0034256752856740595,8.930238213814992,0.19223266816985443,0.01682356828004015,2023-04-15 
0xdb28b920e84d7a6ac9b1b5c02ee8789f9478f6dd,9.08794976873997,Validator,,8.918324280144462,0.1533428681914444,0.016282620404062132,8.939179385651187,0.14105123998539695,0.07996431456632164,2023-04-15 
0x546eea6110cf2e5b0284d43236e48835973b2776,8.863480315653145,Validator,,8.097150021381147,0.7615616684496279,0.004768625822369444,8.116084847329967,0.7005165543535928,0.02341882853290027,2023-04-15 
0x9a0d4120fc7ef4af198ee4c702a2ba88dba13906,8.363013887569124,Validator,,8.093447393664194,0.269418441062004,0.00014805284292606822,8.112373561182434,0.24782244935763192,0.000727090837370672,2023-04-15 
0x7083ab67ecbd053cfabf10989dfeb746c1b8afa9,8.32775706589318,Validator,,8.143853603284636,0.18387591499323294,0.000027547615311502802,8.162897643486891,0.1691368246801322,0.000135286957606128,2023-04-15 
0x65fdaca7c773585a7f8718f0f06fb0974c52e52a,8.127513191078902,Validator,,7.490730725225767,0.6338883882515034,0.0028940776016323326,7.508247466565264,0.5830772844524624,0.014212880112253856,2023-04-15 
0x6d0497132d7a18b983c2da00ebd860e310ad52c5,8.076250244545694,Validator,,7.844834031373223,0.22826374111312198,0.003152472059349167,7.863178827577962,0.20996661995075347,0.015481861098502745,2023-04-15 
0x0223e40d1f93a6fe5bef63605992ada10740e13b,7.807710145367521,Validator,,7.180331704044221,0.6256536536004811,0.0017247877228191927,7.197122591049139,0.5755026280815689,0.00847047125125114,2023-04-15 
0xabc9e3ed768a02a363b780219433e4c7789e34d3,7.73416233232731,Validator,,7.243124840176307,0.48795162558559124,0.003085866565411591,7.2600625661431195,0.448838492806918,0.015154760021593721,2023-04-15 
0x03de9dfa6c808e96bd8b99c2208fcdc18fb94df1,7.685316578124075,Validator,,7.071141688219199,0.6120202652809817,0.0021546246238948485,7.087677239218295,0.5629620622870972,0.010581409928004404,2023-04-15 
0x8704e69fed50bdabf32f35964c67a52cc07efa73,7.636368509777792,Validator,,6.9951833804051615,0.6369503745740898,0.0042347547985403106,7.011541306272696,0.5858938286629172,0.02079697594235123,2023-04-15 
0xa146fae19e58c011eb856318f577dc059321ddfd,7.257858293024636,Validator,,6.8410819559931335,0.41470388000680886,0.002072457024694028,6.857079522519171,0.3814621259639338,0.010177883002570788,2023-04-15 
0x95b13845afbe811c57aee6ef195553bc0f581320,7.119285000031636,Validator,,6.447063306960647,0.6706530371100392,0.0015686559609494964,6.46213947836367,0.61689495964196,0.007703704661468839,2023-04-15 
0x65b9468f0a73a63b4cbc5b47672a0e0d8c0c72b3,7.113530373643178,Validator,,6.563540536370738,0.5496063476267282,0.00038348964571162646,6.578889084605121,0.5055511074685927,0.001883326264546548,2023-04-15 
0xf25a38a17d6b47d8f655a3b4b953d841c5ab5c56,6.823533611263074,Validator,,6.15546269359363,0.6658009785835678,0.0022699390858768645,6.169856969904417,0.6124318314918716,0.011147721841145585,2023-04-15 
0x3ed95d6d4ce36ea7b349cd401e324316d956331a,6.45222975738403,Validator,,6.009649967519777,0.4422331579272043,0.0003466319370487099,6.0237032672422535,0.4067847173069268,0.001702317229355872,2023-04-15 
0x2589dd4fc7b84a035139858fee0bba853eb17d9a,6.222863329585723,Validator,,5.795466780669623,0.4247930151517536,0.00260353376434605,5.809019222515753,0.39074253814976834,0.012786012800757092,2023-04-15 
0x4a6ece1b242fe2b87090ea0979d14fbf13de440e,5.61180083584188,Validator,,4.988237061567036,0.6219673582991156,0.0015964159757285927,4.999901832542357,0.5721118181316678,0.00784003471763152,2023-04-15 
0x4aba3ea3a1b4abd1d37bfe286fd60a42a4d13241,5.078291661053204,Validator,,4.638244161183097,0.44004749987010655,0,4.649090489294622,0.40477425680899987,0,2023-04-15 
0x0d42b7f06e2acbc2f6dc2b1aa6230998d6dfe4c9,4.862439958853429,Validator,,4.569271014410246,0.2904804197760447,0.00268852466713791,4.579956051879281,0.2671961460231494,0.01320340503354712,2023-04-15 
0x198958f0b860ab0e3937f468fe366aac9eebad2e,4.675334204706003,Validator,,4.5858533101234,0.08948089458260294,0,4.596577124554987,0.08230830220366865,0,2023-04-15 
0x5d490e6182f5a744d41425b591d7d9fe7b44ff50,4.629876198762971,Validator,,4.360616938242177,0.26722108053090404,0.0020381799898899194,4.370814047414796,0.24580122443036848,0.010009547714671262,2023-04-15 
0x53a5c63e4655da36364614a1a0a1bc095f251fa0,4.37022894966413,Validator,,4.271347849550805,0.09888110011332435,0,4.281336206921553,0.09095500786310941,0,2023-04-15 
0xdb1659e69b11eb883b957f6cfd98a10a4cdfa278,4.124219698803438,Validator,,3.435955983724111,0.6856591927859507,0.0026045222933761022,3.4439908142938584,0.6306982547704862,0.01279086748902934,2023-04-15 
0x59f7b67e6beae0223ddc91eec010b670c553e8e0,4.03114298769725,Validator,,3.9933430939384444,0.0377998937588057,0,4.002681349526891,0.03476993712768762,0,2023-04-15 
0xa9ea63861543ddb45bc192520da0439495427364,4.007579282814745,Validator,,3.8934237151254107,0.11415556768933433,0,3.902528313681229,0.10500510759792808,0,2023-04-15 
0x4cb90ebba92141ed3021f5dc4e6c8bb642095846,3.9759530179239393,Validator,,3.9735350187502947,0.0024179991736445676,0,3.9828269540340564,0.002224177659833681,0,2023-04-15 
0x7054fcec6068798f6f2ec86c63f19d94dae87dca,3.5751220372997325,Validator,,2.6805049306198394,0.8832556427358974,0.011361463943995639,2.6867731724311215,0.8124558063988798,0.0557964046453442,2023-04-15 
0x89e0d7d6af7e8d748820ad753bcc43c6727642b7,2.963566911142647,Validator,,2.915466048409683,0.04810086273296383,0,2.922283736366626,0.04424520300729879,0,2023-04-15 
0xbd9e5443182a9dc39c09890b4508331b78eabd42,2.789655282027459,Validator,,2.7131239930344586,0.0765312889930004,0,2.719468513075464,0.0703967086142305,0,2023-04-15 
0xd26c6594715b55b0af7e43469378bec9eaf36906,2.684496307815084,Validator,,2.6281848853400462,0.05631142247503763,0,2.634330779047564,0.051797622276956785,0,2023-04-15 
0x103713e2eddb009ea31f14e25a9fdb56e6575c3f,2.607901743587088,Validator,,2.540413516503839,0.06748822708324917,0,2.546354160760894,0.062078518725916625,0,2023-04-15 
0x5ed0a078386b52856e094581ba759f44f38a9945,2.4569083048665465,Validator,,2.344948409746217,0.10594596863467964,0.006013926485649755,2.3504319675264562,0.0974535720090914,0.029534528063877057,2023-04-15 
0x01470db54643fdf377e785621d8730b0be795fb9,2.4522311785789435,Validator,,2.120220306146115,0.3320108724328287,0,2.125178347230203,0.3053976086244668,0,2023-04-15 
0x6cac55b34091f0934263863f28273937f163fb22,2.44011501684159,Validator,,2.264349589045272,0.1727012929697306,0.003064134826587447,2.269644670060523,0.15885793586467523,0.015048034964061,2023-04-15 
0x0bbcf0f7b05a389a2c0e224d7ed4431a311f5fec,2.3441318606855637,Validator,,2.0261123904096263,0.3180194702759375,0,2.030850364309561,0.29252772659708753,0,2023-04-15 
0x6632c91b891e26229c86c59340917591be732028,1.8506126800337794,Validator,,1.6813346282013915,0.1676316403581195,0.0016464114742684602,1.6852663546066888,0.15419465549437333,0.00808556373402649,2023-04-15 
0x19eedafeb41add69523dc1b060b5910efeaed4d0,1.748940754108119,Validator,,1.7451816318591058,0.0037591222490132056,0,1.7492626616487323,0.003457799249052982,0,2023-04-15 
0x582161cc7ed7e6cb66c34751f37db50120f21ff7,1.7360965984903642,Validator,,1.3630502252649115,0.3730463732254528,0,1.3662376577203732,0.3431437936181835,0,2023-04-15 
0x8c3b8af721384bb3479915c72cee32053defca4e,1.6607045716460462,Validator,,1.291442256182412,0.36926231546363425,0,1.294462236580354,0.3396630576323761,0,2023-04-15 
0x23f46e1e291336e70c8d824a15f7180e2b0ec9a1,1.6102179791444522,Validator,,1.6071413301095214,0.0030766490349308784,0,1.6108995587801556,0.002830031591916499,0,2023-04-15 
0x357366ddee9d19abfabbbb81c7479fed3f743a77,1.5926115341747018,Validator,,1.590574493244775,0.002037040929926889,0,1.5942939811026875,0.001873756193920109,0,2023-04-15 
0x3fa7dc57846547702bf92aa8e586b42f64069008,1.5918669557145684,Validator,,1.5044469496878412,0.08738808462101288,0.00003192140571422093,1.5079650321077487,0.08038324730142482,0.0001567667405238,2023-04-15 
0x94208ea32d2b1cdc5f55afc2bcae0d1350f13d55,1.548337035284712,Validator,,1.2876584355814047,0.26067859970330715,0,1.2906695676828088,0.23978317452562095,0,2023-04-15 
0x7588a23c9f92fb9a97183b6d540acf67ec5fadb2,1.500105952340218,Validator,,1.500105952340218,0,0,1.5036138835304946,0,0,2023-04-15 
0xe77636093f98343892201e971fc79dfc3e1097c6,1.4655548011760287,Validator,,1.4641389438437513,0.0014158573322772413,0,1.4675627677809844,0.001302365311902152,0,2023-04-15 
0x607016a4fc85eb8b6af9e5c8844c2582447907ad,1.363070719006572,Validator,,1.363070719006572,0,0,1.366258199385739,0,0,2023-04-15 
0xb21d9f7fedf9bc453f648208646c8bb075960dc2,1.285038620281743,Validator,,1.255810104017499,0.029228516264244116,0,1.2587467602090667,0.026885622465714368,0,2023-04-15 
0x31380a55b22a375dac0183717e14aea42f3d2419,1.2185928365101235,Validator,,1.2185928365101235,0,0,1.221442461773441,0,0,2023-04-15 
0x9c6c3b497275338593d0a40afe2fe94e582f3da2,1.214785645756814,Validator,,1.2136880507575187,0.0010975949992953233,0,1.216526206397043,0.001009614189941271,0,2023-04-15 
0x52395fa87e9eb5b2fb3ec47a34a196ada5bcf0d0,1.208441386483719,Validator,,1.1400571834630993,0.06661967721034827,0.0017645258102713995,1.1427231565874176,0.06127958990707595,0.008665625891378936,2023-04-15 
0x7ee6d385a8e5ae30beec89f271fd383d64269df3,1.0228378566137095,Validator,,0.8107163696357401,0.21212148697796943,0,0.8126121938840717,0.19511829352529467,0,2023-04-15 
0x7a8019887e957fe22301fa4fe5a45e99e27e3ebf,1.0107854884249685,Validator,,0.9312833449296194,0.07796494154452328,0.0015372019508258267,0.9334611096985461,0.07171544271960845,0.0075492333111895,2023-04-15 
0xf1c77cc4267e951b6264ca4ba0f9bf6a73ba65f6,0.9388948511245868,Validator,,0.9388948511245868,0,0,0.9410904150629287,0,0,2023-04-15 
0xfbeccb835c2ea17b812ed93e50d4fb7cd29eda12,0.9160174759318802,Validator,,0.3990668,0.5169506759318802,0,0.4,0.47551304283970014,0,2023-04-15 
0xa759c6038cdd7aff3ddfe59fa281a4125d203a08,0.872722759798399,Validator,,0.7053546394381964,0.16722373776560726,0.00014438259459525357,0.7070040799567355,0.15381944947960596,0.00070906616537202,2023-04-15 
0xaef75f19ca93c302c468a8282bab0759007a142d,0.8507669619169506,Validator,,0.8475323714981466,0.003234590418803889,0,0.8495142883328272,0.002975312740645793,0,2023-04-15 
0x86d01acd187dee92aa29e7fddfb36048f105cdb2,0.8135467986245926,Validator,,0.8135467986245926,0,0,0.8154492417054915,0,0,2023-04-15 
0x30a5fe119a4f30fdd40901c29c4c302849a58685,0.7301539609703982,Validator,,0.7301539609703982,0,0,0.7318613936016709,0,0,2023-04-15 
0xdfc071cde7717cb9133fb4e1e9fa8cf150428bb4,0.7298772635461014,Validator,,0.7298772635461014,0,0,0.731584049132728,0,0,2023-04-15 
0x53cad5ba74ba8511dad974e86896a0696bc6dad9,0.7183631352666515,Validator,,0.7183631352666515,0,0,0.7200429955753288,0,0,2023-04-15 
0x526c528a786739c7e414d0cc6e9b6bb985072936,0.6162392403426727,Validator,,0.6162392403426727,0,0,0.6176802884556398,0,0,2023-04-15 
0x502d9920d3eb6f67b625b23fcc3cf243b5a4af97,0.5829413019560122,Validator,,0.5008447250018829,0.08111358248821594,0.0009829944659132874,0.5020159281622856,0.07461169550667754,0.004827507903435093,2023-04-15 
0xd28fe52d6b025605c43929047bdfdaf8818d7603,0.5264328076495948,Validator,,0.5264328076495948,0,0,0.527663847405592,0,0,2023-04-15 
0xe297b2ffaec13e2e0ca299db0d97c1dcad3d04bf,0.526098708874095,Validator,,0.526098708874095,0,0,0.5273289673549342,0,0,2023-04-15 
0xc328f76b1ed2eeacd4460b11435f4bd48bf2361d,0.5258886354891874,Validator,,0.5258886354891874,0,0,0.5271184027227396,0,0,2023-04-15 
0x369144e406b72f8eecef2f571245c6cdbfca2d24,0.5186110825785983,Validator,,0.4969749616651487,0.02163612091344959,0,0.49813711555574025,0.01990181688466889,0,2023-04-15 
0x27f9db77b6d6de0fe7dc1671ebb57984ab88341a,0.5167266642346321,Validator,,0.5167266642346321,0,0,0.5179350066050417,0,0,2023-04-15 
0x48fc70c62c266fc02f7a3dee68608e9ab1c9e08b,0.5023652333493591,Validator,,0.5023652333493591,0,0,0.5035399921510475,0,0,2023-04-15 
0x4d31d5af74835f906e4a38a4da29376e7e77f14b,0.5011858032469344,Validator,,0.5011858032469344,0,0,0.502357804003675,0,0,2023-04-15 
0xa8318d4ed42a3de046a4a259204214f52abdd79f,0.49634669231495476,Validator,,0.4706282366552761,0.025718455659678695,0,0.47172877989878,0.02365692062560187,0,2023-04-15 
0xedaaa44afc75fa148e7d07605aee0292d1f7edbb,0.4763198243064562,Validator,,0.4713980963722019,0.004921727934254284,0,0.4725004398984851,0.0045272130108498,0,2023-04-15 
0x8d3f54f755583dfcfeb781595a428848e4a6f81c,0.47181731424865136,Validator,,0.47181731424865136,0,0,0.4729206380973325,0,0,2023-04-15 
0x570df321635addce17955c755769a24f19b7b8dc,0.46944655287199266,Validator,,0.469305980134775,0.00014057273721770495,0,0.47040343134009144,0.00012930473472,0,2023-04-15 
0x2583c64b4f54e023bde6a5aba5f1400c703add14,0.4690961204120928,Validator,,0.4690961204120928,0,0,0.47019308086976197,0,0,2023-04-15 
0x685305ff7116bb13cdd140b371dddfe3f786a129,0.40238853280934883,Validator,,0.3966259967901802,0.00576253601916865,0,0.3975534890802043,0.005300623762622443,0,2023-04-15 
0x43539d706eea9729d38d66ff065df1152e2478e4,0.3798524957804794,Validator,,0.3798524957804794,0,0,0.3807407639828514,0,0,2023-04-15 
0x4a566ccb37ae91a5e561aaba5dfac4615e8347ea,0.375139752287253,Validator,,0.375139752287253,0,0,0.376016999948132,0,0,2023-04-15 
0xe922f3c6a729242b4067460acbcd9ae0be7e8dcd,0.36560335815989625,Validator,,0.36560335815989625,0,0,0.36645830538636265,0,0,2023-04-15 
0xc4dc2977ab632a90795b81eb7c6423b810d0af48,0.36221324075626254,Validator,,0.3614216472121327,0.000791593544129858,0,0.36226681569314484,0.00072814114070537,0,2023-04-15 
0xf9bae0abaa095cb1493360408392d4eb33ce94de,0.35202270919587864,Validator,,0.2908409302888077,0.06068884763143356,0.000492931275637367,0.2915210488958818,0.05582416262757849,0.002420796567535961,2023-04-15 
0x0f73d2d7c536ca43590523f4e161a92f387e4cba,0.35150710640487226,Validator,,0.35150710640487226,0,0,0.3523290901722441,0,0,2023-04-15 
0x185b3c34ad9b0bf3206e962b1e2516a8b4534e99,0.34533356317143726,Validator,,0.34533356317143726,0,0,0.3461411103819584,0,0,2023-04-15 
0x4c9ba59f49b53097e6592ae1ed01063281a1f4be,0.3394640917605139,Validator,,0.3394640917605139,0,0,0.3402579134726456,0,0,2023-04-15 
0xf72397a3e5f16c4a74463315d780e436f53d0e7e,0.3301171465366921,Validator,,0.30933134430561454,0.020674286437464367,0.0001115157936131932,0.31005470192520607,0.019017080952059083,0.000547656567451129,2023-04-15 
0xd312e9665364febcb8af89bfb20449cd51183f8b,0.3283368150315707,Validator,,0.3283368150315707,0,0,0.32910461610093417,0,0,2023-04-15 
0x6af7d425d5212dd0e38be62a277423f8c19b1be0,0.2807466315712191,Validator,,0.2516141448344085,0.02858777868301387,0.0005447080537966902,0.2522025333447017,0.026296245004579773,0.00267507348815556,2023-04-15 
0x88cb5a11a6e451ede2376457e718ebbcd0799c14,0.2688771439103503,Validator,,0.2688771439103503,0,0,0.2695059011777981,0,0,2023-04-15 
0xf2dd316ffb19711ce0054d1ab7e5a39d76eb519c,0.2653455666592981,Validator,,0.2653455666592981,0,0,0.26596606549008645,0,0,2023-04-15 
0x29ea2a6c754fc78bbc9964ecf064bffa0548dff9,0.24035820813136446,Validator,,0.24035820813136446,0,0,0.24092027513325034,0,0,2023-04-15 
0x6dbf6668be0dd0583d4a57c16e4e8381f398c5bc,0.22736515305412588,Validator,,0.2269703716154454,0.0003947814386804789,0,0.22750113175583175,0.00036313662386685,0,2023-04-15 
0x8d83ac91c03627d3f218269dbd052c78bca43129,0.22530548086195532,Validator,,0.21548292965150953,0.009822551210445781,0,0.21598682691871088,0.00903519703520676,0,2023-04-15 
0x5df065ac80ced2212ebe8b9e2ff9fbf6c05e037a,0.22248751502701244,Validator,,0.22248751502701244,0,0,0.22300779220622957,0,0,2023-04-15 
0xaba94a4c18f8f8edba824786c80d8d19de66ff2b,0.21905890433405573,Validator,,0.21905890433405573,0,0,0.21957116385933959,0,0,2023-04-15 
0x7684715644d92798523dc3e1e0cbda69d222b4e7,0.21665055367790345,Validator,,0.21665055367790345,0,0,0.21715718138206783,0,0,2023-04-15 
0x915a0fafed9ee42121680726d85537c97347cc77,0.21184244595265786,Validator,,0.21184244595265786,0,0,0.21233783011030521,0,0,2023-04-15 
0xca9fca7cf93e65b6b6bd70200e4d4a088b1e445c,0.20261756071924283,Validator,,0.20261756071924283,0,0,0.20309137289220033,0,0,2023-04-15 
0x7b5260c5b36d28eee21110aee8d1dbdc85a41c0c,0.20180776239501588,Validator,,0.20180776239501588,0,0,0.2022796808905335,0,0,2023-04-15 
0x38ff035534e45661d8dcb74a1bb55e8b5275fecd,0.19786974541015423,Validator,,0.19786974541015423,0,0,0.19833245502773394,0,0,2023-04-15 
0x7708f891946c12329d46189a3bac9edf80dd1fce,0.19454316558239618,Validator,,0.19454316558239618,0,0,0.1949980961406924,0,0,2023-04-15 
0xb01e1fe697aaa803282023182d7d0919905801f3,0.19172865627793334,Validator,,0.15801395888166594,0.03358786343281124,0.0001268339634561436,0.15838346751136997,0.030895533920386964,0.000622884443647054,2023-04-15 
0xb97987ba2125121d6e2831a11eed7d7e5650fa21,0.16693903283292694,Validator,,0.16693903283292694,0,0,0.16732941235194404,0,0,2023-04-15 
0x4edbefb48fc2da9d2968d802d84e10f6a6d02f2e,0.15703498381176528,Validator,,0.15703498381176528,0,0,0.15740220315171824,0,0,2023-04-15 
0x11eed0f399d76fe419faf19a80ae7a52de948d76,0.15428338057733174,Validator,,0.1339391114475824,0.02026662448293713,0.00007764464681222966,0.13425232211507687,0.01864209628626329,0.000381314604652647,2023-04-15 
0x7ed8d93cadc4b4136686b7929adc83c59af9662b,0.14927214960341484,Validator,,0.14927214960341484,0,0,0.1496212159001098,0,0,2023-04-15 
0xd6f5b516bc1629dd06ccd39dfa5ace02206c02f0,0.1481986964268179,Validator,,0.1481986964268179,0,0,0.1485452525009025,0,0,2023-04-15 
0xa8c023d584405e9bf60d9352d99b43fcdc409cfd,0.1446410386315562,Validator,,0.1446410386315562,0,0,0.14497927528078627,0,0,2023-04-15 
0x8fefbd032a1cf3f23741e170bf8864b3f16032a7,0.14043642813603652,Validator,,0.14043642813603652,0,0,0.14076483249023625,0,0,2023-04-15 
0xc1775ceb5403c47852e31c976af53e99352596ba,0.13679382082153174,Validator,,0.13679382082153174,0,0,0.1371137071001965,0,0,2023-04-15 
0x222742f41089016c987587829a47fa813c53bed2,0.1364040983563117,Validator,,0.1364040983563117,0,0,0.13672307328628863,0,0,2023-04-15 
0x8ea8b8f5eca88e2b89aa40c244ddb1194b9e70a8,0.13619970118913174,Validator,,0.13619970118913174,0,0,0.13651819814540497,0,0,2023-04-15 
0xe3c1cfed6d4112e7f39526830c16e0781181147d,0.1360246277503296,Validator,,0.1360246277503296,0,0,0.1363427153051365,0,0,2023-04-15 
0x4ea776a978cab134cda43bf9d14126596dc3649c,0.1309254149037067,Validator,,0.1309254149037067,0,0,0.13123157817559036,0,0,2023-04-15 
0x953f2501b18a3fdcf959aa901e74d5308e4d522f,0.11806518849073294,Validator,,0.11806518849073294,0,0,0.11834127869392587,0,0,2023-04-15 
0xda33d45017682418686eb3899f7152d5bb3c331a,0.11503918689349672,Validator,,0.11503918689349672,0,0,0.11530820092625768,0,0,2023-04-15 
0x11415b01d4768a847e26e0ca2b533f1c6825fc07,0.10785059228619504,Validator,,0.10785059228619504,0,0,0.10810279610951855,0,0,2023-04-15 
0x0b2a9bc0afb37ab527e910732d091ec3725c0c40,0.10552800909605037,Validator,,0.10552800909605037,0,0,0.10577478166166704,0,0,2023-04-15 
0xa46cad25cd9894d5e807def432fa82e3e25e6d75,0.10510604007507605,Validator,,0.10510604007507605,0,0,0.10535182588486545,0,0,2023-04-15 
0xaed733bb20921b682eb35bb89bd398f604ccd5bc,0.10417197582097969,Validator,,0.10417197582097969,0,0,0.1044155773629675,0,0,2023-04-15 
0xf027a6b28bdca9b9f95e7158a9d3a46ba7f4589e,0.10312650075315727,Validator,,0.10312650075315727,0,0,0.10336765749810034,0,0,2023-04-15 
0x61cfa95ef9e86df41a763408e3ea9df7f04de0f7,0.10031625284388612,Validator,,0.10031625284388612,0,0,0.10055083794882072,0,0,2023-04-15 
0x1e7831836426b54176a50c1dab1339dc2d4a694f,0.10017961718075881,Validator,,0.10017961718075881,0,0,0.1004138827692595,0,0,2023-04-15 
0x688a5c5d78d6aa693920cea53bb71bdacbe73bd3,0.0958916809186758,Validator,,0.0958916809186758,0,0,0.09611591935853928,0,0,2023-04-15 
0xcbc1013ee337fb25a600daf2f73bf270322f5b1e,0.0952534018796349,Validator,,0.0952534018796349,0,0,0.09547614773229433,0,0,2023-04-15 
0xcf514e382eff83752fbafec2d836a3efef7fd039,0.08759565400468085,Validator,,0.08759565400468085,0,0,0.08780049255380888,0,0,2023-04-15 
0xbf483104fc0c128fa19a67ac651b245759babd9d,0.087159471527692,Validator,,0.087159471527692,0,0,0.08736329008345671,0,0,2023-04-15 
0xa90640bf05711e5674dacf5a4368aa6348031e01,0.08618249457940931,Validator,,0.08618249457940931,0,0,0.08638402851794168,0,0,2023-04-15 
0x6fabedc952b6bc7a11548f412e61f3af7ebe0e83,0.08503218118255637,Validator,,0.08503218118255637,0,0,0.0852310251642646,0,0,2023-04-15 
0xbe06e6e1a3d013a43f34c496324546249f1c7504,0.07989228063285397,Validator,,0.07989228063285397,0,0,0.08007910518525117,0,0,2023-04-15 
0x0a6641d4736767d1f2bcf2450200ef384391b441,0.0791530416375915,Validator,,0.0791530416375915,0,0,0.07933813751240795,0,0,2023-04-15 
0x224042bec477a3ef6a2e69bf40b8bf28969b72fe,0.07545320395887992,Validator,,0.07545320395887992,0,0,0.07562964792749477,0,0,2023-04-15 
0x07563a0217f9d29151245566d72ffe2d9243f45c,0.07419540583002775,Validator,,0.07419540583002775,0,0,0.07436890849354319,0,0,2023-04-15 
0x00d23a06830d50e1da5d3c51c172293bbb52f126,0.0721075827385822,Validator,,0.0721075827385822,0,0,0.07227620312046223,0,0,2023-04-15 
0x8ec388bcd70a19c27262a3dd9c7b4f5ceb2661c8,0.06947915895854302,Validator,,0.06947915895854302,0,0,0.06964163288807089,0,0,2023-04-15 
0x8871223b306300ca0bedff04f1a62da5a5423874,0.06589338836403442,Validator,,0.06589338836403442,0,0,0.06604747712817446,0,0,2023-04-15 
0x000f879fe998cddebc2d353f5e29735776c6b287,0.06564298159077764,Validator,,0.06564298159077764,0,0,0.06579648478979222,0,0,2023-04-15 
0x83954f5d79525619ca99e8a09e857e849dc89242,0.06433332558974757,Validator,,0.06433332558974757,0,0,0.06448376621633027,0,0,2023-04-15 
0x3b4ff72e862e4576d86e9269f5f3ada0968844dd,0.06354808366396664,Validator,,0.050292728059894515,0.013255355604072124,0,0.050410335372318135,0.012192835352913208,0,2023-04-15 
0x69901924e6c045a03cc163c6b8ae8af80fa1ee80,0.06192724097397145,Validator,,0.06192724097397145,0,0,0.06207205507846952,0,0,2023-04-15 
0xb20c8d1cfd44734ba04ddd3b50cb83a4f1fe6310,0.060180544355848076,Validator,,0.060180544355848076,0,0,0.06032127388782838,0,0,2023-04-15 
0x6e751d71387cba9e531934a24187e3dca8bdf187,0.05902199242387901,Validator,,0.05902199242387901,0,0,0.05916001273358647,0,0,2023-04-15 
0x300202fbf9d0e64b8c09bbf7ee1a70997c205642,0.05769197804311938,Validator,,0.050220145332220814,0.007471832710898569,0,0.05033758291315721,0.006872906978105519,0,2023-04-15 
0xc8c2faf427dc5b2a23cbc9c1e334482c4bd8f067,0.0556298972749003,Validator,,0.0556298972749003,0,0,0.05575998532065339,0,0,2023-04-15 
0x273fae03d02b80477c574542d989c14950a3ea24,0.054107696530824485,Validator,,0.054107696530824485,0,0,0.054234224977697455,0,0,2023-04-15 
0x11121188a530abb0e4228d92a271da9d073792de,0.052855932478370435,Validator,,0.052855932478370435,0,0,0.05297953373056384,0,0,2023-04-15 
0x173c75c8f1be201ce89cf426fe12c9997d709626,0.047167074949366096,Validator,,0.047167074949366096,0,0,0.04727737306071675,0,0,2023-04-15 
0x482ad8050622483a16aeea36272a4d3ea000c018,0.046953383103283605,Validator,,0.046953383103283605,0,0,0.04706318150573649,0,0,2023-04-15 
0xc648cd4f8555db7391921618af1c396a1de734b8,0.04669707902423762,Validator,,0.04669707902423762,0,0,0.04680627807097721,0,0,2023-04-15 
0xae948e7b3b1b7941360b6c4b42facddeb155211f,0.044705099671107994,Validator,,0.044705099671107994,0,0,0.0448096405625404,0,0,2023-04-15 
0x6d3ae1c9f3230048242338b546efa4bfc5e8dbd8,0.04196294901186627,Validator,,0.04196294901186627,0,0,0.04206107750568704,0,0,2023-04-15 
0xd6d1811894bf2e0ff2b372ecfe084be08ebf7de2,0.041163046378189544,Validator,,0.041163046378189544,0,0,0.04125930433520358,0,0,2023-04-15 
0x591cb5e536aa19fe5f26593739fe8ce717142e59,0.04041176541690947,Validator,,0.04041176541690947,0,0,0.04050626653673968,0,0,2023-04-15 
0x32cf8a2ffb712544d40f96f26364069bc322956f,0.0391035962132073,Validator,,0.0391035962132073,0,0,0.03919503823741519,0,0,2023-04-15 
0x89815374e32ad3e05168844c8f09ee2006ed9966,0.03696674634809163,Validator,,0.03696674634809163,0,0,0.03705319144372985,0,0,2023-04-15 
0x697bea756870e4bb6fd8fc5dab351855641ccd92,0.036790515397630785,Validator,,0.036790515397630785,0,0,0.036876548385013024,0,0,2023-04-15 
0x0da51be2313f147615ecba159e85c09b59671de7,0.032320715477131286,Validator,,0.032320715477131286,0,0,0.03239629603578277,0,0,2023-04-15 
0xb2f5035c4f790dc96db51610cce298e8beb88cf6,0.029367748862492573,Validator,,0.029367748862492573,0,0,0.029436424039777375,0,0,2023-04-15 
0x87069859bf2775fbf95f3b48c954bf2ada31b184,0.028361483090253926,Validator,,0.023470252541013134,0.0048912305492407925,0,0.023525136684899004,0.004499160229372578,0,2023-04-15 
0xf336f42680b48e605f0862660e2851b6dd67b8c3,0.026070735837430702,Validator,,0.026070735837430702,0,0,0.026131701096087877,0,0,2023-04-15 
0x3b98503cda3688c91a1d2631abab7c41d7266f90,0.025660915526502234,Validator,,0.025660915526502234,0,0,0.025720922438551376,0,0,2023-04-15 
0x8aec80d00c5b928bbc0f80e0871dec684d40b3b4,0.02542301417894798,Validator,,0.02542301417894798,0,0,0.02548246476925465,0,0,2023-04-15 
0xe87f2d4b87540d51e22a597bf747ceef8f32b29f,0.023917694094127123,Validator,,0.023917694094127123,0,0,0.023973624560226132,0,0,2023-04-15 
0xfeed87447bf4aee149207658f530ce2e5470dd56,0.02375835227329644,Validator,,0.02016415969457303,0.003457498736189736,0.00013669384253367522,0.020211312687071967,0.003180353215896838,0.000671306531282588,2023-04-15 
0x551b937784fd13cd6b833e6730ead3c6d8d65c94,0.02352663388148269,Validator,,0.02352663388148269,0,0,0.023581649870630873,0,0,2023-04-15 
0x2b7e13bb55f4726db1e514aba20f5b5e79152c1a,0.023148013710869067,Validator,,0.023148013710869067,0,0,0.023202144313552584,0,0,2023-04-15 
0x45a7653d5efba534dc9dce907df69dda4a4124b1,0.02234171545268201,Validator,,0.02234171545268201,0,0,0.02239396056267473,0,0,2023-04-15 
0x4c1192c4679c5e7907a72f03e578d7830e81871b,0.022277166657715914,Validator,,0.022277166657715914,0,0,0.022329260823216478,0,0,2023-04-15 
0xf926641030fb57a4fd6fc60f48bd3a0a9c6a6afb,0.020557622353974233,Validator,,0.020557622353974233,0,0,0.02060569544143911,0,0,2023-04-15 
0xc6909ad4cd91581db8eebac562b4931f972ce662,0.019879609233697096,Validator,,0.019879609233697096,0,0,0.019926096817572493,0,0,2023-04-15 
0xca20ee056cc23b7c3dbd62299e348bcd34af99ed,0.017892921166961413,Validator,,0.0160233186063403,0.0018460327128925896,0.000023569847728523695,0.016060788425737545,0.001698058776897418,0.000115752051652188,2023-04-15 
0x858ba28ca46856b4d149e1ab72a91717b8dc6299,0.017313617398285533,Validator,,0.017313617398285533,0,0,0.01735410452414035,0,0,2023-04-15 
0x8a929b944b29535e92e5f688a53c7b78f16dd056,0.016824137202791502,Validator,,0.016824137202791502,0,0,0.01686347970093378,0,0,2023-04-15 
0x59be2e1481c85a74e9b1fd19a653ead11bdac1ad,0.016578082963770086,Validator,,0.016578082963770086,0,0,0.01661685007499505,0,0,2023-04-15 
0x561f39f0f379ea5717d80a00ea9a034f9c927d9a,0.01652837456671219,Validator,,0.01652837456671219,0,0,0.016567025437056845,0,0,2023-04-15 
0xf6b0e762344a8d10f77dd4f8f918e7d1c83be2f3,0.01588405089797937,Validator,,0.01588405089797937,0,0,0.01592119504602174,0,0,2023-04-15 
0xf804fdcbe69793ae89d5cfb5b79854f0b56becf2,0.015007657614912117,Validator,,0.015007657614912117,0,0,0.015042752356159036,0,0,2023-04-15 
0x90cce91d539b9de9339eb404a60a79aa66b167b2,0.014390616030676914,Validator,,0.014390616030676914,0,0,0.014424267847565285,0,0,2023-04-15 
0xe39b9ef0659216f3434349da0f5b5f495165bd18,0.014129360509923028,Validator,,0.014129360509923028,0,0,0.01416240139237143,0,0,2023-04-15 
0xaa6e05d6a4999d4c6f4867962adac88c7f6da256,0.014093842061734552,Validator,,0.014093842061734552,0,0,0.014126799885868284,0,0,2023-04-15 
0x6956c0342618c921713dbddade46aec9e55b0dc9,0.012427834464875937,Validator,,0.012427834464875937,0,0,0.012456896404186905,0,0,2023-04-15 
0xbc6963fc0e2f5547ba949ed39e80b8388321104f,0.01198231377300409,Validator,,0.01198231377300409,0,0,0.01201033388195068,0,0,2023-04-15 
0x7d50a992c8c9d66808676f271d229674052e09d1,0.010997106691471649,Validator,,0.010997106691471649,0,0,0.011022822937384567,0,0,2023-04-15 
0x613f809e82f7bcbbfb86f939684ac080454400fa,0.009905015870202647,Validator,,0.009905015870202647,0,0,0.009928178310200346,0,0,2023-04-15 
0xc08183018104a051a83049888c08fae92a467aab,0.009695731379757018,Validator,,0.009695731379757018,0,0,0.009718404417262492,0,0,2023-04-15 
0x9a1400444ce7fc5a0b27741859235581de303fdf,0.009106684828653882,Validator,,0.009106684828653882,0,0,0.00912798040694328,0,0,2023-04-15 
0xa30ab87b515ca022491e931b949d66ecd110911a,0.008766042899838554,Validator,,0.008766042899838554,0,0,0.008786541902096144,0,0,2023-04-15 
0x74c01b878410d9bec8d28c24d2b7dbe50d5fa29e,0.0078119975782345585,Validator,,0.0078119975782345585,0,0,0.007830265587851016,0,0,2023-04-15 
0x9bee59b104b5f4b44d1a7a208426ae97559f057b,0.007423846422018302,Validator,,0.007423846422018302,0,0,0.007441206757383277,0,0,2023-04-15 
0x43882141555003b3e71110f567373b59ac4cb0bd,0.0053925620178844995,Validator,,0.0053925620178844995,0,0,0.005405172284824997,0,0,2023-04-15 
0xf489161813237b28f41d18fd04643716525832b6,0.004504167130890952,Validator,,0.004504167130890952,0,0,0.004514699925817885,0,0,2023-04-15 
0x127d1cefdece09328ee240b02f3cb9f39de44636,0.003946091821936405,Validator,,0.003946091821936405,0,0,0.00395531958252243,0,0,2023-04-15 
0x284a40edf2957647107cb2d5117afef3bb6e38a0,0.003774185274469172,Validator,,0.003774185274469172,0,0,0.003783011039223681,0,0,2023-04-15 
0xa1733dcebc7f0693dd6f7e0c088ddd38da91ac5b,0.003743350620249965,Validator,,0.003743350620249965,0,0,0.003752104279534118,0,0,2023-04-15 
0x42d441b6793e6162b979fbf6ad0af0063cbec96a,0.0036704257244037143,Validator,,0.0036704257244037143,0,0,0.00367900885205556,0,0,2023-04-15 
0x7912235e7bb64a6d48baade3ef46275691f41abb,0.00365319023602868,Validator,,0.00365319023602868,0,0,0.003661733059255924,0,0,2023-04-15 
0xb4fa2d21b238e12ee4a863517cb5092f2330cb1b,0.003232440682690153,Validator,,0.003232440682690153,0,0,0.003239999601761062,0,0,2023-04-15 
0x43599e7cfad195f39826646466782c230ac51595,0.0031637701745568904,Validator,,0.0031637701745568904,0,0,0.003171168510692336,0,0,2023-04-15 
0xdb08231830f081508e5855b909a7a687f1460674,0.0028260082872224373,Validator,,0.0028260082872224373,0,0,0.002832616782175252,0,0,2023-04-15 
0xb952930a3656a9cbab21df5919f94c61a495bf79,0.002764415540662811,Validator,,0.002764415540662811,0,0,0.00277088000371147,0,0,2023-04-15 
0x0610b8b4e6f5c3241d53ed3374ddca8969cd053c,0.002753715556522179,Validator,,0.002753715556522179,0,0,0.002760154998132823,0,0,2023-04-15 
0xed04e63e9378ee8af4e8708e807e3aadd20804b1,0.0027101195631177044,Validator,,0.0027101195631177044,0,0,0.002716457057432695,0,0,2023-04-15 
0x39ec4f2a82f9f0f39929415c65db9ea5df54e41d,0.002668345474472842,Validator,,0.002668345474472842,0,0,0.002674585281935598,0,0,2023-04-15 
0x47895e3a5d60d06e50514182abb98e3b9894e5e5,0.002641586128291493,Validator,,0.002641586128291493,0,0,0.002647763360210865,0,0,2023-04-15 
0xcec526f70c11144ba9c6ab36cc9d05af923ffc89,0.0025698079307184653,Validator,,0.0025698079307184653,0,0,0.002575817312508548,0,0,2023-04-15 
0x0e18c0de383ff998b51fa01415f0a3bb3c0b2055,0.002543336016507933,Validator,,0.002543336016507933,0,0,0.002549283494901538,0,0,2023-04-15 
0x171b1c7b65bfc46443dfb9bf69a7cd3b4d330efa,0.0025308296430863967,Validator,,0.0025308296430863967,0,0,0.002536747875880827,0,0,2023-04-15 
0xbf9ac3fd4c1a8530580d4d7aa07d235e20de5d7d,0.002401929854639877,Validator,,0.002401929854639877,0,0,0.00240754666099999,0,0,2023-04-15 
0x5ce17533c6e67a3cb70869b054c2835f3575357b,0.002396317429771145,Validator,,0.002396317429771145,0,0,0.002401921111724799,0,0,2023-04-15 
0x0d560fc0dc2e1a6befa45e72546373e1eef8e334,0.0023534181247414857,Validator,,0.0023534181247414857,0,0,0.00235892148857433,0,0,2023-04-15 
0x2f785f780e4c1ffccd4562b73922c0932c7b74f5,0.0023499944030495466,Validator,,0.0023499944030495466,0,0,0.002355489760661169,0,0,2023-04-15 
0x1904a9bb7d366f1ede698a1d95cfac670bdab163,0.002280713220917297,Validator,,0.002280713220917297,0,0,0.002286046567559413,0,0,2023-04-15 
0xcec3d795202ed555afe57c5d418fba2074a64add,0.0022207676443263547,Validator,,0.0022207676443263547,0,0,0.00222596081089818,0,0,2023-04-15 
0xf9b85365189697eac232b5e7f8c1a63bf30bb679,0.002148503875345872,Validator,,0.002148503875345872,0,0,0.002153528056301223,0,0,2023-04-15 
0x20e069d04f8f0f977b1b69fb6cfa70f9387f6d31,0.0020975512733253255,Validator,,0.0020975512733253255,0,0,0.002102456303882283,0,0,2023-04-15 
0xd2f2bc3c29f8e0895a725f3e902f12ef1485f6e3,0.002053270597912126,Validator,,0.002053270597912126,0,0,0.002058072080074941,0,0,2023-04-15 
0x94306abd8663e17b1125caf11c53f392db426586,0.002041270621134149,Validator,,0.002041270621134149,0,0,0.002046044041883864,0,0,2023-04-15 
0xef49a80986f50bc6441f3ad9f40730eddf27bcba,0.0020028661891509317,Validator,,0.0020028661891509317,0,0,0.00200754980284096,0,0,2023-04-15 
0x440a4917c9c833aa3984322f5c9e852cf3009365,0.0019397784246289556,Validator,,0.0019397784246289556,0,0,0.001944314510381676,0,0,2023-04-15 
0x94d69160850ba8afc63c7954a4371e2f3cb4e76a,0.0019053755173103154,Validator,,0.0019053755173103154,0,0,0.001909831153391177,0,0,2023-04-15 
0x66bdb4d2ff2ee4c68517e6fcd25cc3034c869160,0.001903728483441544,Validator,,0.001903728483441544,0,0,0.001908180268006804,0,0,2023-04-15 
0x89918191122f6d1c44363a1c8a1af0cd7b2a3f09,0.00183441728958182,Validator,,0.00183441728958182,0,0,0.001838706992996481,0,0,2023-04-15 
0x890c00177387843cf141f76f8a13a87396f61ed7,0.0017819512506831322,Validator,,0.0017819512506831322,0,0,0.001786118264594431,0,0,2023-04-15 
0x41fab4eda9bf81796e6bf3401abdc2fca8642dae,0.0017666873756817885,Validator,,0.0017666873756817885,0,0,0.001770818695698854,0,0,2023-04-15 
0x5a8b568d238b1b4e3929ca94d9fa4a984684c3ed,0.0017119149772383147,Validator,,0.0017119149772383147,0,0,0.001715918214432586,0,0,2023-04-15 
0xdd0f3f7beb37fe9d4496f8098446b65ddfb1fa02,0.0016721397687021438,Validator,,0.0016721397687021438,0,0,0.001676049993336598,0,0,2023-04-15 
0xa17c2d6b49860e06f3de56e7e05cf10d6bdd77c9,0.001568007707380662,Validator,,0.001568007707380662,0,0,0.001571674423811414,0,0,2023-04-15 
0x11f141ebdab3ab9addcbea98a8260b5538b12c18,0.0015224467243199014,Validator,,0.0015224467243199014,0,0,0.001526006898413901,0,0,2023-04-15 
0x1fa871d87db280734db6e73cf82e21242a60bc53,0.0015049993546857694,Validator,,0.0015049993546857694,0,0,0.001508518728880247,0,0,2023-04-15 
0x312fe22eef8e61e5874e01b6e35c25db184ef0b1,0.0014237872026217205,Validator,,0.0014237872026217205,0,0,0.001427116665803039,0,0,2023-04-15 
0x3edbd914a59a79417d0274fad7d80e39f8b219f7,0.0014207318674206472,Validator,,0.0014207318674206472,0,0,0.001424054185836203,0,0,2023-04-15 
0x5fb8f79a9857bb8502234a013811712a411da4b0,0.0013188845868604534,Validator,,0.0013188845868604534,0,0,0.001321968739930712,0,0,2023-04-15 
0xc9a7781729f95b88239c3bfc91fb52f92b44a116,0.0012596283030980148,Validator,,0.0012596283030980148,0,0,0.001262573887978669,0,0,2023-04-15 
0xd471c559c24bf40601add013e396ff38c99d22db,0.0012381084977318958,Validator,,0.0012381084977318958,0,0,0.001241003759502816,0,0,2023-04-15 
0x9b90e334e7f2d92dee335ba6cefffd283b31e515,0.0011545942404076685,Validator,,0.0011545942404076685,0,0,0.001157294207794453,0,0,2023-04-15 
0x5248728c9dcaffe8062476053f4c618f1115f612,0.0011259931091195995,Validator,,0.0011259931091195995,0,0,0.001128626194030272,0,0,2023-04-15 
0x5cab520442de9babc290b25e5e2e6a1194ec6707,0.0010920771259535576,Validator,,0.0010920771259535576,0,0,0.001094630899842891,0,0,2023-04-15 
0xe9756aba8efdc6de0966fd677946ddd22fb56505,0.0010780150619206124,Validator,,0.0010780150619206124,0,0,0.001080535952297322,0,0,2023-04-15 
0x65698c9ec5af10345cd1e39472d60fb6133bad6f,0.0010637718513420472,Validator,,0.0010637718513420472,0,0,0.001066259434602976,0,0,2023-04-15 
0xff715c63e26db724b2497f78d9ee144286074e6d,0.001040985850369717,Validator,,0.001040985850369717,0,0,0.001043420149578684,0,0,2023-04-15 
0xb51087cbd3fa67ed5f7ba0ec5a8b2b437b85ded1,0.0010193984831643765,Validator,,0.0010193984831643765,0,0,0.001021782301273247,0,0,2023-04-15 
0x21a2d14fe6e1c00debda1df10fe669bf3ba37332,0.0008391180662141097,Validator,,0.0008391180662141097,0,0,0.000841080306569336,0,0,2023-04-15 
0x660cc9535ae30faf14e08c5bdf3c4cf6cef9a92f,0.000819419541858431,Validator,,0.000819419541858431,0,0,0.000821335718088732,0,0,2023-04-15 
0x9c6b6e86b6ec367aa9c9d51b6d0efb3cf1cef761,0.0008020675172062444,Validator,,0.0008020675172062444,0,0,0.000803943116497032,0,0,2023-04-15 
0x1ba75be57e8529eeb544ec48929c9619ee139683,0.0007910960541978745,Validator,,0.0007910960541978745,0,0,0.000792945997209364,0,0,2023-04-15 
0x5c77fd69df62abdfff6bb8528a62f71c13fad389,0.0007856588891734762,Validator,,0.0007329259196285313,0.00005273296954494499,0,0.000734639834362098,0.000048506010290224,0,2023-04-15 
0x497cb8730c87f5d798a7ec5358cf32a0862542d2,0.0007116352916191562,Validator,,0.0007116352916191562,0,0,0.000713299419164066,0,0,2023-04-15 
0xb3bd473a5e28c981ba09bcf56ea94e26eeaa54cc,0.0006595353243920236,Validator,,0.0006595353243920236,0,0,0.000661077618475928,0,0,2023-04-15 
0xa9a54c64283f9faf3cff53fc28c10daa85733548,0.0006546580103731472,Validator,,0,0.0006546580103731472,0,0,0.000602182059189221,0,2023-04-15 
0xfbf24700f0945ff235f22616b1324b8537183af0,0.0006075885810615683,Validator,,0.0006075885810615683,0,0,0.000609009399991749,0,0,2023-04-15 
0x22341cd642b24bb9082fccec52fa198ece127ee8,0.000567341987552425,Validator,,0.000567341987552425,0,0,0.000568668691609951,0,0,2023-04-15 
0x04b3673ef03dbc2d23671c0726854d9219766711,0.000523274806029303,Validator,,0.000523274806029303,0,0,0.000524498460938673,0,0,2023-04-15 
0x3fd2fe95f3e63367c2dd516e9ca6b681435236e9,0.0004931857712671304,Validator,,0.0004931857712671304,0,0,0.000494339064304152,0,0,2023-04-15 
0x7a9b4ea6140e5d6f93b9e0e1d829f26c25d1aa03,0.0004614778592647742,Validator,,0.0004614778592647742,0,0,0.000462557004756872,0,0,2023-04-15 
0x35d96442d4d1199926a3dbb228532011643fc046,0.00043772207027524795,Validator,,0.00043772207027524795,0,0,0.000438745663909148,0,0,2023-04-15 
0x26b6cc3529828aa83b8ad2c7cf8cd55811b954f6,0.0004286301356194448,Validator,,0.0004286301356194448,0,0,0.00042963246816768,0,0,2023-04-15 
0x1896b258d6a5a37e4ff2c6932dff9dccbcbfa15c,0.0003326097394415691,Validator,,0.0003326097394415691,0,0,0.00033338753255502,0,0,2023-04-15 
0xbb68887e9c5ca9b6a495728fb15f86dcb8f3a2a5,0.0002846874332108318,Validator,,0.0002846874332108318,0,0,0.0002853531621381,0,0,2023-04-15 
0xc0e2aa6305906a4ee2aaa2f7ba5e85d0fce1eb85,0.0002307894034569246,Validator,,0.0002307894034569246,0,0,0.000231329094233772,0,0,2023-04-15 
0x441f5a305e0dfe8844152c9b1f5d3b58b0e000b9,0.00022972289753205513,Validator,,0.00022972289753205513,0,0,0.000230260094332132,0,0,2023-04-15 
0x4dbbb6e725e803f518cec8a5f370ab8f48b1f6d1,0.00020816546617756114,Validator,,0.00020816546617756114,0,0,0.0002086522518812,0,0,2023-04-15 
0x606311948f7426ddfd23c1521b15eddb52e83b29,0.00019833557077721017,Validator,,0.00019833557077721017,0,0,0.000198799369706736,0,0,2023-04-15 
0x2be65d9091edc3a9060719f358303f639b689459,0.00008052697502333534,Validator,,0.00008052697502333534,0,0,0.000080715283780395,0,0,2023-04-15 
0x4b7bf977c1f4b0173d85d0199e7018c324a81887,0.00007395999043716432,Validator,,0.00007395999043716432,0,0,0.000074132942592232,0,0,2023-04-15 
0x02c81c3d29ba4522340547147dbc6453050715b2,0.00007129675555827414,Validator,,0.00007129675555827414,0,0,0.00007146347985678,0,0,2023-04-15 
0x33657019d60a0a41f1b9970bd4b28a3a83dbeafc,0,Validator,,0,0,0,0,0,0,2023-04-15 
0x58e1fb58fa889c7b567e85df76e09aa78b899d28,0,Validator,,0,0,0,0,0,0,2023-04-15 
0x0e389f917e28861bf8289e4c546ae329887cbe72,0,Validator,,0,0,0,0,0,0,2023-04-15 
0x764a4ee67687994ababfe97f3a81411209011158,0,Validator,,0,0,0,0,0,0,2023-04-15 
0x7eec94733d16b96c6fe877464630bb5be1e5c3f2,0,Validator,,0,0,0,0,0,0,2023-04-15 
0xd2ddefbc2943de379f00917fe8411f7d71580b77,0,Validator,,0,0,0,0,0,0,2023-04-15 
0x225ec8bf41876d88ca220aa345ac21823e6578f2,0,Validator,,0,0,0,0,0,0,2023-04-15 
0x465f2aaee3b79d265affd1a4a179dd551868bca8,0,Validator,,0,0,0,0,0,0,2023-04-15 
0x6498ab1f443ee5658e932b8f8efadbad9ced19ac,0,Validator,,0,0,0,0,0,0,2023-04-15 
0x63b1ed9ee6d990ca9b04ba9853350cff198f570e,0,Validator,,0,0,0,0,0,0,2023-04-15 
0xd37106b2e3e7fab8c68a3aff235e87402ce177cc,0,Validator,,0,0,0,0,0,0,2023-04-15 
0x419fdd210acde4266968b98611f352578336bda9,0,Validator,,0,0,0,0,0,0,2023-04-15 
0x40891fc064437f643cb206fe64cd85028087a758,0,Validator,,0,0,0,0,0,0,2023-04-15 
0x50f1c6814faeb52d35ecff4188a4e336e7937c73,0,Validator,,0,0,0,0,0,0,2023-04-15 
0xc0f138845da42677c99d84bf44939f39e124d078,0,Validator,,0,0,0,0,0,0,2023-04-15 
0xdcf109c09081042e1bfef3f21fa93ba61d3a3d5a,0,Validator,,0,0,0,0,0,0,2023-04-15 
0xa56464e533d6085ac6e8b7c3958c85d1fe78a5c2,0,Validator,,0,0,0,0,0,0,2023-04-15 
0x8c6f9aad8281a21e7f6522602f2d6469c950e0bb,0,Validator,,0,0,0,0,0,0,2023-04-15 
0x5b6e7753c881768ef7e8f645c556d4afe19389d7,0,Validator,,0,0,0,0,0,0,2023-04-15 
0xedba91c8cc9fd2d88c5fa18aa1ffd6fac6959281,0,Validator,,0,0,0,0,0,0,2023-04-15 
0x48c8fbf774f30b193d013cb72101a56fa2861947,0,Validator,,0,0,0,0,0,0,2023-04-15 
0x9cb5d33c3f548c8d52a5f8afa8e2defc60d99eef,0,Validator,,0,0,0,0,0,0,2023-04-15 
0x310b65cfa79a4027ca7c7082ff128958c48a4c7b,0,Validator,,0,0,0,0,0,0,2023-04-15 
0x0ec5a403212d732d8d7ced050e9510f6327453c6,0,Validator,,0,0,0,0,0,0,2023-04-15 
0xd507309fd69635aa37810a65a4da27ec47a1ba05,0,Validator,,0,0,0,0,0,0,2023-04-15 
0xa409efd31054636369fef24775a3200d35dc9c21,0,Validator,,0,0,0,0,0,0,2023-04-15 
0x9acda9211cfc11ed40fe05e20bb1429118199c91,0,Validator,,0,0,0,0,0,0,2023-04-15 
0x9cd6b38f2462e90b98ae6e70784063df4ad379c0,0,Validator,,0,0,0,0,0,0,2023-04-15 
0x537da0e904fe7130d464a3be6720f0fb45f669f9,0,Validator,,0,0,0,0,0,0,2023-04-15 
0x2762e448db99a1a39eee18489aafbb26dd2f02b3,0,Validator,,0,0,0,0,0,0,2023-04-15 
0xeb0758c0c17aad95e136d79c2c4a30cd04285ff9,0,Validator,,0,0,0,0,0,0,2023-04-15 
0x5b55452bdba5971d606f47647bd383f3c3fa7285,0,Validator,,0,0,0,0,0,0,2023-04-15 
0xecc20b5f3d6cdf41fc12707ad7872ff64256e297,0,Validator,,0,0,0,0,0,0,2023-04-15 
0xb5011538fceec8cbda40af59be09c552aead7138,0,Validator,,0,0,0,0,0,0,2023-04-15 
0xd788f50e7070205c66bc24828ccafee3a6749b2a,0,Validator,,0,0,0,0,0,0,2023-04-15 
0xab2b62bfb765788f8e1031a3b2d1a98b92dba69a,0,Validator,,0,0,0,0,0,0,2023-04-15 
0x8440e805b89f48c932265e3c4ad033813669d87a,0,Validator,,0,0,0,0,0,0,2023-04-15 
0x341dec14b7a56c242ce9cf939815ec7bb1104244,0,Validator,,0,0,0,0,0,0,2023-04-15 
0xe3feea837446183a233317f1c5d804b98fd50c6b,0,Validator,,0,0,0,0,0,0,2023-04-15 
0xf2435e0b468e4c45eb4875127470da5c6842909d,0,Validator,,0,0,0,0,0,0,2023-04-15 
0xe3b49907192aaabe84512629ce7c01be816bbb9d,0,Validator,,0,0,0,0,0,0,2023-04-15 
0x10ea19a286daf51dfdafbd3656a1262be4980a58,0,Validator,,0,0,0,0,0,0,2023-04-15 
0xc90a7f2015a792b31f8534f04101ab532afdad03,0,Validator,,0,0,0,0,0,0,2023-04-15 
0x212c59dec224c0625de663519f800ca6c4366ea2,0,Validator,,0,0,0,0,0,0,2023-04-15 
0x90684bc3ded2f69d8853d791bdc57eea0a84c9d0,0,Validator,,0,0,0,0,0,0,2023-04-15 
0x92918361646056bd8021a857edf8335abac9b5fd,0,Validator,,0,0,0,0,0,0,2023-04-15 
0x977f472851e61c33d90c747760fcfb07f1365315,0,Validator,,0,0,0,0,0,0,2023-04-15 
0xdb278efd2246ffced8e48797f247847b194dce8b,0,Validator,,0,0,0,0,0,0,2023-04-15 
0x7c079b1af73dfad29b89e4787aa4ce82475fe66f,0,Validator,,0,0,0,0,0,0,2023-04-15 
0xee3f05b0edff562630298705ef482af8c09a4bd4,0,Validator,,0,0,0,0,0,0,2023-04-15 
0xd3833befa7aeffc7b39f14182486dc5c2a99f4c7,0,Validator,,0,0,0,0,0,0,2023-04-15 
0xb1418875f36a5ac94d651c38ee160c2d412dff78,0,Validator,,0,0,0,0,0,0,2023-04-15 
0x9a0131994c2ad16e0483cfd2171255f085396ab4,0,Validator,,0,0,0,0,0,0,2023-04-15 
0xf4529344815a22c91dd449e6cbda9373a795e6cf,0,Validator,,0,0,0,0,0,0,2023-04-15 
0x75e4706c413450c41a23d534bbd20d97c57ebe44,0,Validator,,0,0,0,0,0,0,2023-04-15 
0x1355c2d19c9537fbb95ccd47d78dbd0e3b2c6a9e,0,Validator,,0,0,0,0,0,0,2023-04-15 
0x0e229eff9c0bb0128d1d62d6b24d6f6f3fc839d3,0,Validator,,0,0,0,0,0,0,2023-04-15 
0xb166964c69a4fb4c218c577cb227e02df7a65422,0,Validator,,0,0,0,0,0,0,2023-04-15 
0x0f5640bd556b0be19262d1817b213ddb3424d91d,0,Validator,,0,0,0,0,0,0,2023-04-15 
0x3c04331e98f36b6d37be32c48075557b45058371,0,Validator,,0,0,0,0,0,0,2023-04-15 
0x02793fde1af95269779dfa8f1a8d5ddafd7561d8,0,Validator,,0,0,0,0,0,0,2023-04-15 
0xc6a834b6a3a38194b635b8e31078b4547e6da380,0,Validator,,0,0,0,0,0,0,2023-04-15 
0x439d5e4d7578ecc9efa52a8cf1887b11fd0fb900,0,Validator,,0,0,0,0,0,0,2023-04-15 
0xf825761bff0eb42de7b8b347af8f242ec17eabaa,0,Validator,,0,0,0,0,0,0,2023-04-15 
0x0c01dc28d19f83d0a45223ec844674b96ea086a5,0,Validator,,0,0,0,0,0,0,2023-04-15 
0x48cedc58b10af13d688631bc3cb78a05b8a6e56a,0,Validator,,0,0,0,0,0,0,2023-04-15 
0x0c8f6edf8debbaaddea745dcd8935af8963309d5,0,Validator,,0,0,0,0,0,0,2023-04-15 
0xd40126378c80b7fcacee4719d529d70b439d8fb3,0,Validator,,0,0,0,0,0,0,2023-04-15 
0x2e0a1c2048b41522a833a2fa4fa919a0e8b9b1d3,0,Validator,,0,0,0,0,0,0,2023-04-15 
0x06ef252876f802c6b1f600f33af14a9e3a1edf09,0,Validator,,0,0,0,0,0,0,2023-04-15 
0x097095b8cf5cabf0c39e548d8df55dd635d84d07,0,Validator,,0,0,0,0,0,0,2023-04-15 
0xe55fac7c79153180c134d7ee4e0da52f40474c55,0,Validator,,0,0,0,0,0,0,2023-04-15 
0x87ac99dacb891b4bb86db1d68f238cb7614f9fc1,0,Validator,,0,0,0,0,0,0,2023-04-15 
0x1f610e43af952bd34bea23dabc4b65d6033b17a9,0,Validator,,0,0,0,0,0,0,2023-04-15 
0x21245b0a2c3235f1108d1aa01ae376849d36e684,0,Validator,,0,0,0,0,0,0,2023-04-15 
0x64612fe5cc206c2f0cf8e4d2e42afa9b56d36ea2,0,Validator,,0,0,0,0,0,0,2023-04-15 
0xa7681958b7f07f4fb8bd5b0e075fb2aa2b021d59,0,Validator,,0,0,0,0,0,0,2023-04-15 
0x1f3bb0adec5862296f93b8c9390ab77b7b2162db,0,Validator,,0,0,0,0,0,0,2023-04-15 
0x79189d4693013d00bb11082ebb1299a02ee4ddcd,0,Validator,,0,0,0,0,0,0,2023-04-15 
0x68e0104fd2b5a2c93e97c2ba172c4d2a4223f76f,0,Validator,,0,0,0,0,0,0,2023-04-15 
0xdde3a88affcffb6c36b0c79776920665d052e129,0,Validator,,0,0,0,0,0,0,2023-04-15 
0xa0da3c871e1f5cf4809f44ee1b0b0ec85ec5bb69,0,Validator,,0,0,0,0,0,0,2023-04-15 
0xca7486baa3bc91f9a825224c8e72946463fd6b5c,0,Validator,,0,0,0,0,0,0,2023-04-15 
0x6a1b8c919ec3cfb37070b5b9a1b3872c05b1681c,0,Validator,,0,0,0,0,0,0,2023-04-15 
0xe2e8539ed561f11114ca9196dc0f054904987ed3,0,Validator,,0,0,0,0,0,0,2023-04-15 
0xe3020350aceea29b783e0c947ae001692b8f6248,0,Validator,,0,0,0,0,0,0,2023-04-15 
0x24cee8c02fe517e19eaa783e0b7eadea66e5e6c2,0,Validator,,0,0,0,0,0,0,2023-04-15 
0xeb604d6c6e4a1b517e038ea03dc1a74879309750,0,Validator,,0,0,0,0,0,0,2023-04-15 
0x7cfab5bd602e42b9ce2f454a6b71632e07854e69,0,Validator,,0,0,0,0,0,0,2023-04-15 
0xb579d5b0847b136d92ada5b159cca4a440b99a6c,0,Validator,,0,0,0,0,0,0,2023-04-15 
0x92f628b0157d47c992f5c69dbbd038b110e27826,0,Validator,,0,0,0,0,0,0,2023-04-15 
0x609e3bcb4528095bbe168cd1fc701ff4ff91b29c,0,Validator,,0,0,0,0,0,0,2023-04-15 
0x27f326ab753d62cdb55018c62e9ee7e671bbb121,0,Validator,,0,0,0,0,0,0,2023-04-15 
0xad7c2936f4deff9a9512f4283cabfff8e23dce72,0,Validator,,0,0,0,0,0,0,2023-04-15 
0x635340bfe1e75a7520b610a9786275e7f343ed15,0,Validator,,0,0,0,0,0,0,2023-04-15 
0x3b8825aa8a36762c87ebb511c41b828dcbd5067f,0,Validator,,0,0,0,0,0,0,2023-04-15 
0xc896ab8e97c944a2b2be8593e5acf0d5efe9d7f7,0,Validator,,0,0,0,0,0,0,2023-04-15 
0x2289a63b4b4700eeeca35323ea51785f366dd705,0,Validator,,0,0,0,0,0,0,2023-04-15 
0xed8bf82d2e579ff6363aef139f8b147a0105f17e,0,Validator,,0,0,0,0,0,0,2023-04-15 
0x81c885a48fa2e7d3609e98b44f5ca1080dd43626,0,Validator,,0,0,0,0,0,0,2023-04-15 
0x83472bf4c9e9b8b2c62693f81d1e8e336b29ef0c,0,Validator,,0,0,0,0,0,0,2023-04-15 
0xf139e74adec329e715ab49a68c5548a00e40cbc2,0,Validator,,0,0,0,0,0,0,2023-04-15 
0x464cce7999b3d90a8f1ffaf94a71fbdea1e65435,0,Validator,,0,0,0,0,0,0,2023-04-15 
0x7f4afdae66b590a90f2250e2d78bd27b4294a5dd,0,Validator,,0,0,0,0,0,0,2023-04-15 
0xe8cea87569eb67b24196a0d3e2dfdd52f64d037d,0,Validator,,0,0,0,0,0,0,2023-04-15 
0x06b172144ada54de5fc3b0d2e878b53fb19a14f5,0,Validator,,0,0,0,0,0,0,2023-04-15 
0x351d462fbfbda08e477ec46cce36f71efdb21f83,0,Validator,,0,0,0,0,0,0,2023-04-15 
0x816349163794e7b4f31011cb2df2f9a1cfe4c04f,0,Validator,,0,0,0,0,0,0,2023-04-15 
0xf27bb4eabc4400a1abe9d80d7537ab0ef1b058bf,0,Validator,,0,0,0,0,0,0,2023-04-15 
0x360b16441dbea78aeb13a766a8ab908b91ec5454,0,Validator,,0,0,0,0,0,0,2023-04-15 
0x09b353c4e4c4d836b4a4ca4686370b78bc7a2152,0,Validator,,0,0,0,0,0,0,2023-04-15 
0x642cbe89a58909ba712dd11ed4c4b2359bd8c85d,0,Validator,,0,0,0,0,0,0,2023-04-15 
0x56259f876eb6a7264d9f1a59952baad599ff9640,0,Validator,,0,0,0,0,0,0,2023-04-15 
0x377e1ca464a94acd1b17449e920949e1306ee7bd,0,Validator,,0,0,0,0,0,0,2023-04-15 
0x5f897eed6797c0e7dfce3d97c48bf7ed032ee321,0,Validator,,0,0,0,0,0,0,2023-04-15 
0x99861402bcd154cedfe20795451d97def03af478,0,Validator,,0,0,0,0,0,0,2023-04-15 
0xfe91ff8733bd21e3277190c0a00c300a9431d787,0,Validator,,0,0,0,0,0,0,2023-04-15 
0x902f15a5c9f0ca46556396ddda0a4e370a6d3aca,0,Validator,,0,0,0,0,0,0,2023-04-15 
0xd783a28f77e01f6873baf665a8002952669f41e9,0,Validator,,0,0,0,0,0,0,2023-04-15 
0x3aa1fa695aa89958ebdb5346d6760b72250dc1d7,0,Validator,,0,0,0,0,0,0,2023-04-15 
0x436d12f639a32509685080161ff0365fc15545f0,0,Validator,,0,0,0,0,0,0,2023-04-15 
0x2fe1bb07f92085b1766a1d40e50fb2b9b55206bd,0,Validator,,0,0,0,0,0,0,2023-04-15 
0x2fc6284359e10346429887d7de7ff3daef1494f9,0,Validator,,0,0,0,0,0,0,2023-04-15 
0x325acaf0b43fcb9b83bb34a9da4691dfaba8586e,0,Validator,,0,0,0,0,0,0,2023-04-15 
0xf11073eb2d259b90a91954cae30d0e6e9ecc7f11,0,Validator,,0,0,0,0,0,0,2023-04-15 
0xe0c5f6172673ad70a76ff264cbc0df783930b47d,0,Validator,,0,0,0,0,0,0,2023-04-15 
0x0439ad8b999acc4cda10b2aacae058732c4f2f86,0,Validator,,0,0,0,0,0,0,2023-04-15 
0xa063831defdc73d5a8a3f8993fdf4f108d5b044b,0,Validator,,0,0,0,0,0,0,2023-04-15 
0x69d63ec80c8329f8953ed8b45268c0141b33f69f,0,Validator,,0,0,0,0,0,0,2023-04-15 
0x75af3a297d9fc69532199e02516e9c07c0fef6f6,0,Validator,,0,0,0,0,0,0,2023-04-15 
0x314050de6f904cd118bdd1223142861325844907,0,Validator,,0,0,0,0,0,0,2023-04-15 
0x645ef90d580d01d789ed74bd7fe488db66e20bd5,0,Validator,,0,0,0,0,0,0,2023-04-15 