block_time,block_number,release_gold_contract,beneficiary,tx_from,tx_hash
2024-02-14 22:40:37.000 UTC,24056041,0x0a3cbf90327c93054ddf210fd6d5fa2cdfc875d0,0x57900C1EC6F8B8B88A9EF16DF02D989002D3223F,0xf772f744f0152b6b85095a39f1d5541839710c6e,0x9537e0a6c5af2bce2abf3cc47c4c3672887a230024821c5c060cf5531c551d28
2024-02-14 22:40:12.000 UTC,24056036,0x1a81539281d80deb1c2a042225be8bd4071c9539,0x1D8B3CF47E1A79B4AB1E2DCD0313C695E480E407,0xf772f744f0152b6b85095a39f1d5541839710c6e,0xed01d1a1a8f54cd6d6d816eeb69c02781833702a1df2a6717b513573403bc23d
2024-02-14 22:31:52.000 UTC,24055936,0x007722fdfa83dc997623617a4617014c2452502b,0x16EB996CF593FE80372BDE518EA3E16B397B89E2,0x0a2b8c88952b57ca0a84928fa27339f9690ff134,0x5cbba22d420cf0aa1858dffcb592c10e5e104167db976ffb8f93c21a2718223d
2024-02-13 20:49:55.000 UTC,24037433,0x670e94d7a79361b8a9b5599301c0f44ae7139d34,0x1490A504E23FC4C622AA09A5432B8B8CAD210297,0x1490a504e23fc4c622aa09a5432b8b8cad210297,0xa10cd1a6e123596555ad292ca5e97a57a88851e5bc392b5a425ec56af1a7bc1d
2024-02-13 20:49:25.000 UTC,24037427,0x17650cbf3b536b4ad14cd3347eb830e27b9c4396,0xD2BF1847E3385DBEE3032646662690E29CDB52C9,0xd2bf1847e3385dbee3032646662690e29cdb52c9,0xcbffa42a5de23c4f3d97d4536424e78c8b5c65ee1799d60e59f1adbbabf616b5
2024-02-13 20:48:45.000 UTC,24037419,0xa65c5c32b58012d188f56e9305437fc545f99614,0x725B0AE5E10B58F7D8123199008DC9619DF65FB9,0x725b0ae5e10b58f7d8123199008dc9619df65fb9,0x7d2d3a2f1c8a081738bc5bc683175611ec80cc353fad5db2b063b53056507f59
2024-02-13 20:47:35.000 UTC,24037405,0xda71a321c75a0fe76073384bc52f6d583eaec517,0xC9232C3409A099E828FD3FEFF7322F59659D3234,0xc9232c3409a099e828fd3feff7322f59659d3234,0xf22346a549c4eb6ad0dfcd19885a2b49b33b261b4dc2a1d161fd10e6b45fcc74
2024-02-13 20:45:50.000 UTC,24037384,0xdd431a27adce5b957fe2fe877a65f0e6304d68a0,0xBD1DD0EB25B66F74D3609317CFD6E738FDE4386D,0xbd1dd0eb25b66f74d3609317cfd6e738fde4386d,0xbce5ad7f69f077adedd4afcea2cf8a1dad188ccdaf91322561cb9f69f8054d30
2024-02-13 20:43:30.000 UTC,24037356,0x9eb1d96b5f0bdd3114ea1461182c688178ae6c4c,0xB42A436041FADB55D2F23D7F8E71785A65A0770E,0xb42a436041fadb55d2f23d7f8e71785a65a0770e,0x5f95a5c10b7e6bb7be4cc9ddbd2cf31640745efa6d8d0802ad498c84f1c525c6
2024-02-13 19:51:30.000 UTC,24036732,0x2edfe9e0c9ea37e9459da3b846e7f1bcce062494,0xEEAD2F99EF87768A714AA89D2E17A6CF5F686198,0xeead2f99ef87768a714aa89d2e17a6cf5f686198,0xb1a33f3571eb8dc70143b1ee800e7337ba7015b368666fab32c0c5453f083d6f
2024-02-13 19:50:10.000 UTC,24036716,0xc3722118ccf6dba9fe35d8bedb09332c85174d57,0x1A8B884E1E085564A822E7B0442DB61BE2DCAE7B,0x1a8b884e1e085564a822e7b0442db61be2dcae7b,0x604cda171ac0acf6fa8e966f08f3ab6499e7a40e9d4a97c2ce4af0fb8d3b1a4e
2024-02-13 19:49:40.000 UTC,24036710,0x6964a0c39fa7f63c59f7dc77ac1802f24e2649aa,0x5837FFFBADDA45ACFA4FD136B2EB7AA98269D7E0,0x5837fffbadda45acfa4fd136b2eb7aa98269d7e0,0x266104a454af58d2a56042368a3e509ffa05b22167ce56efe7e8727ee77bb824
2024-02-13 19:46:15.000 UTC,24036669,0x822d6b9bba2a3e460f3ab45faaed98993522a8f0,0x80E370E636A6C29E77F3885F4BD46CB9159B672E,0x80e370e636a6c29e77f3885f4bd46cb9159b672e,0xb213f945a3357974e6788b82cbeee94ad6cc6f3f5ada310b39bcbbd076e04199
2024-02-13 19:45:40.000 UTC,24036662,0x7dbb949346aeda9233218831455d57eb8344af82,0xAE993DE006348D86324D7A7385898C9C81D4B612,0xae993de006348d86324d7a7385898c9c81d4b612,0xdc1c32e4f49e72a979c0107a4d38b3807678e08b0c2ff770d1fcf2c69a9690fe
2024-02-13 08:21:16.000 UTC,24028450,0xbb25184b9e3a8eca942d01ebb2e5e35ad8081bc5,0x5587FA20D85CB1A230E9F8DE1DFF8D9A7F8AED5E,0x5587fa20d85cb1a230e9f8de1dff8d9a7f8aed5e,0xaa462105372a2dcb832c59d073d8ceb3caaeaae920b942703b589bb5cc952b7e
2024-02-13 08:19:26.000 UTC,24028428,0xa2d20dd35889b6594c1dfb2f8ae2763aa406aea9,0x5587FA20D85CB1A230E9F8DE1DFF8D9A7F8AED5E,0x5587fa20d85cb1a230e9f8de1dff8d9a7f8aed5e,0x58e78fffe1208f49285ede1443899e66bcc56edcba39b8826374a5a10e5a5324
2024-02-08 06:25:08.000 UTC,23940687,0xcd37c8b0f8a71a6e3febd14ad86971b1bc5e3876,0x88227BF5FFF20F53366A645C4E78AC31A141EF88,0x88227bf5fff20f53366a645c4e78ac31a141ef88,0x537e83397aca161d539b3869c47d4404179dc87bbb99de629a9b24d0c6804cbd
2024-01-30 22:44:08.000 UTC,23796944,0xd136f21f87c7d36cc0b488fb9b21d14fa86d27dc,0xB3A7DB328E8521E3940010D07183F7768C3DB3D8,0xb3a7db328e8521e3940010d07183f7768c3db3d8,0xcdee29d65631cdcfeb242600d3b52f72cfe17c47a66868743de05ff2463c029f
2024-01-23 21:01:24.000 UTC,23674764,0x282f95ada81610be70d7e1e8557f96866404a632,0x8EB4BD2E9F1ECF3DB516CDA31CE4B34969E4CE54,0x8eb4bd2e9f1ecf3db516cda31ce4b34969e4ce54,0x483ee597f49a5dd082e8af8502aa72a7d801677a7814d9f66a066f6cb5fe59aa
2024-01-19 13:41:28.000 UTC,23600373,0x7e788daf106e75f466da2615e54cb5ee4dbd6461,0x800FD4DD74C5B3047D62757FD8F7A8577D19625F,0x800fd4dd74c5b3047d62757fd8f7a8577d19625f,0xb5f3523f5db669ea47f18b05f6daf1a3f99a1d7f865a6c62e86f1de8055f4e05
2024-01-03 03:28:41.000 UTC,23316573,0xae89e059f87bd83d60e761c71ed481dd23c212de,0x204DEB6BBABDABAED34F805B5A75304D837AB662,0x204deb6bbabdabaed34f805b5a75304d837ab662,0x3abf021abece4d6dc0126c694f6e639ce85a669987c184bfaf8019ccf0d80b91
2024-01-02 19:11:10.000 UTC,23310603,0xd09e6f00039bd88f5794b9dfab61f4cc205f627d,0x9A96A3E185332ED5D91132FCE06814E58A642BB1,0x9a96a3e185332ed5d91132fce06814e58a642bb1,0xd7c5ee76810db726fdce27053ac119ca823200fb1b8e81d386a4b2ea1e515921
2023-12-27 20:19:08.000 UTC,23207742,0x3dbd15c29bcde617df3c4611b8c127108e5a667a,0xE87A4364932BE5F3CB3AA76C1CEE278DD3905B03,0xe87a4364932be5f3cb3aa76c1cee278dd3905b03,0x5b80114293ce80af8feb01d0c801cad1c7dd7af08d05686ca0a4b2002e8a1b98
2023-12-22 17:16:07.000 UTC,23119147,0x17e1796726b3a342a3405d5261b4755a07c3d55a,0x7BB25579370A2B262DCA76199B35185F762C1567,0x7bb25579370a2b262dca76199b35185f762c1567,0x2fdb4e0d406895b5e95c106fe50db23d7b02f7e7302b25fc7bde6c0601c70d96
2023-12-16 01:45:32.000 UTC,23004301,0x4e5e2a79d165667f1f391de62f0e68736954f27e,0xD6F64F797CC3A1B2B42870E3C563DC2ECFAFD51B,0x62c382e980dc3dc6f992be4dac993d4577af8d80,0x809b59154ad62881266b43bbe4b0c4428c2277f08eba6d6297380c23e2e0c5c2
2023-12-15 22:52:52.000 UTC,23002229,0xde3b7471f29e9c7f81fcd5e5b3c74df508d969df,0x3BE11291E818452D34D12B71C41ACCA0E6878567,0xf772f744f0152b6b85095a39f1d5541839710c6e,0xec84ab7d6b897162966a7d68b94195594c3a53e6d45ed4a5b008f51f2bd2bcca
2023-12-15 22:51:52.000 UTC,23002217,0x9429f734c6aa2b0aa21c21eb708a8aba4feeece9,0x569EC78044061EBFC115A38FEF492C2060961561,0xf772f744f0152b6b85095a39f1d5541839710c6e,0x8d0528eb75cd766c741d2edf3c4930f7451eb4e1a7c6aa9fb8a7eae2fa65a798
2023-12-15 22:51:27.000 UTC,23002212,0xd7aa9c84835e648ea8611edb5f917fb281dfe3cd,0x90F150A4C3A7319596B8B73790E058988C54BA82,0xf772f744f0152b6b85095a39f1d5541839710c6e,0x1717306148ae3d936001d9dfaddda6ececaf57ed094108b49e2281a5fa027119
2023-12-15 22:51:07.000 UTC,23002208,0x88c462e6cafbe932a7f07e86d984f0801aa7afb9,0xFBA6DAE657F4870B8DFCBD02908B53A9FDBC0535,0xf772f744f0152b6b85095a39f1d5541839710c6e,0xe2d534e956eeb96d595798e72bd0e550c5f3395535b227105ba23183903c1761
2023-11-13 01:24:04.000 UTC,22434008,0x2b92cf46bed52585ae60ed239b4a14c45947cfd4,0xD278922E7AA52ADE7975942D08A3E5EA4DEE4280,0xd278922e7aa52ade7975942d08a3e5ea4dee4280,0xb50ef5b567ab7d4a6705e728274ad1cc3f20aa559b9e0ea9df8b080c94b054ab
2023-11-02 23:55:13.000 UTC,22260143,0x2d0078cbf9026856ea5a0fc54dd78e10da83c633,0xF02106BAAEBF4965D08BD32B46F5BC19CAF49B72,0xf02106baaebf4965d08bd32b46f5bc19caf49b72,0xf3521dbfd597f50be1e08ec9eef5002564918543db854198230f377a7e5264de
2023-11-01 00:49:13.000 UTC,22226231,0xcc5df0f229f4e8fae17068eef24d2e81fe010455,0x5CA621B88F8F3919EB4B9324CC780A3DF34F95FD,0x5ca621b88f8f3919eb4b9324cc780a3df34f95fd,0x2a8ca9144c0797f6fee54e7d45614c28da8755067a33551698ba2a851197922a
2023-10-05 22:50:22.000 UTC,21775527,0xce9981359e4765c03c5f65a5bd5cebcc1ac4835e,0xCA62BE656154B43898C1AF6961D54A7C8ED5FC5E,0xf772f744f0152b6b85095a39f1d5541839710c6e,0xb74f8569be336af7fb092c6a3350907118c2323528e9c5caf888c35fa472768f
2023-10-05 22:45:37.000 UTC,21775470,0xe4bb80744b8de09488704cdc66b9b6783b91fc57,0x26D05F46299E70B3987BC1B4D2AA50CA1D552930,0x0a2b8c88952b57ca0a84928fa27339f9690ff134,0x7721110f0a12aa6a83d5adaec30019460a975c6ef714a9ba106cf9d4fcd6b3f3
2023-10-05 22:44:22.000 UTC,21775455,0x86526b920972563b9cf896d9e6e7cfe43139e28f,0x7EE0C96C5DB0D2771AE29B85BA487C4F66114764,0x0a2b8c88952b57ca0a84928fa27339f9690ff134,0x5f381f75b5dcf1750f868330d2850445b7e3b5c2e623f9e5bfab67b61530c3b8
2023-10-05 22:36:02.000 UTC,21775355,0xf0e4c4372a2b9acb20da8195536600981cb3a805,0x285DB1B0455C84CB1381F9FD2B5FC3044D5BB447,0xf772f744f0152b6b85095a39f1d5541839710c6e,0xeb55520a9ee4fd4f88a5243c024720c4630a557b85967580657ca13be9e2dee2
2023-10-05 22:35:37.000 UTC,21775350,0xb438084bc65f1ec7a01853ec2cc262a9a3e32631,0x05FE2FB712000E51D63974A76CAB7E267D48B68D,0xf772f744f0152b6b85095a39f1d5541839710c6e,0x775e0977944458b42da258a1de3cc5b4ffedfc626897eace32473319b0488e15
2023-10-05 22:28:37.000 UTC,21775266,0x03bb5a2ad06fa075113be17c26ec3424880c19aa,0xBFE072806F85D775F8DA38CC179960B68508775D,0xf772f744f0152b6b85095a39f1d5541839710c6e,0x209429cef6a8a856cdfbaab1df6bc7d908928fb368994de539c44772ac1f9696
2023-10-05 22:28:07.000 UTC,21775260,0xc6b87d361596e6ca611f8530becc3dadd1640cef,0x259FE26943D2CE2E7992FA236E72B1035B10E20A,0xf772f744f0152b6b85095a39f1d5541839710c6e,0x9121cf6b8eb7665e44492c8407fea57d6caf61ccba9cdae40fd2ca94e9d1ef1c
2023-09-28 22:08:04.000 UTC,21654061,0x97c4efd0612ac0e9eada06e65112480b4d0a129b,0x39E06121EC79D0A681F25684AC22DA80EE532206,0x39e06121ec79d0a681f25684ac22da80ee532206,0xac80d6f817f8d57f7f487c6b9023b29b610eeed8117426cfe6d1e26e21230ba3
2023-09-13 13:41:41.000 UTC,21388791,0x0779dd41afbca9acb964cb6146885ba4a0ade460,0x32CF622EF10E5769977FB05AA0C4A6F7C4426303,0x32cf622ef10e5769977fb05aa0c4a6f7c4426303,0xb386716c43baebe99df29a139ff6b66faf4f2f2e2109526260b5f151291823e9
2023-08-31 22:46:44.000 UTC,21170704,0xc06e78dcc04190e78cc4898234a7c84880ca0da8,0xE9A0CC16F9A79C94B3A8A7A1CA5B77A717A9F27C,0xe9a0cc16f9a79c94b3a8a7a1ca5b77a717a9f27c,0x5c60e3857ebb79c592ead2cfa0dd501615ce252a8dcd2ed6407b53f584523ba6
2023-08-02 23:45:13.000 UTC,20670294,0xd739d523554a3db22e9a91e9d01afbc89eceed28,0xDF7B6A9663A6B6FDE07B4F7807628AE4A906D96D,0xdf7b6a9663a6b6fde07b4f7807628ae4a906d96d,0x47a836d811ac5da810624975faf1de7502ffdbfe532fe882c784f3543827666e
2023-08-01 15:51:03.000 UTC,20647325,0x9910d93a8cd00c9de33ad789ea1d8b2feac9e064,0x52D68FE4C140FEBB922A49514F325031D9366B07,0x52d68fe4c140febb922a49514f325031d9366b07,0xa4f8584a653d967ff7abc07370ca02735d2c202072a26346e24b2e85c3cb7afc
2023-07-25 20:00:01.000 UTC,20529367,0xaae9f9850a2f742fada295cb5816463fa59e8f5a,0x0ACDDBF1E8871A502656FECBD24C63B751E4A85F,0x0acddbf1e8871a502656fecbd24c63b751e4a85f,0x29bc829652bf51b1f3c7d2c68f95c52c283887b9bd8db57dd3e96166b23cd3cc
2023-07-25 19:58:11.000 UTC,20529345,0x99fd11191c8de6e6f90935a848d6003007dbaf7a,0xF4F957F8696B4587E55E73D2DF6692CC2E54D822,0xf4f957f8696b4587e55e73d2df6692cc2e54d822,0x1821cacde13d7cabc4236126741ffbb25f594d1488556c4932934f6060634ab9
2023-07-25 11:11:52.000 UTC,20523031,0xf05ab382ff0a390c1544a8b13cb5efb7cd2ebac5,0xB01D6391E810AA226D921573EF03EBDF4459DD78,0xb01d6391e810aa226d921573ef03ebdf4459dd78,0x7732da7ec22dfdfc4b498b665cf682c6690e9e0bf237d826b2ceed3dc269817e
2023-07-13 23:52:47.000 UTC,20324816,0xe79e51c0269c8b5bbce6f0a0f6f0cee24228dbba,0xDDEE51A79C8AE61109F880BC6BAFAD5F19F32AB3,0xf772f744f0152b6b85095a39f1d5541839710c6e,0x7ac5875ae9a1f5bb0df3c961032cf7ebae35faa750d49fe89748c73b7a9b6c28
2023-07-13 23:49:42.000 UTC,20324779,0xf270f54247a9eea87e6f0e94b5de1d5e9b431e78,0x47C10F6AE8BD05293CF03301131D565FF9C8AE86,0xf772f744f0152b6b85095a39f1d5541839710c6e,0xb888e0b6334dde020539c883e55cbd2261b6f6c6e45c8c0165e9e44037d8f239
2023-07-13 23:49:17.000 UTC,20324774,0x59cd76f78a1761bb3a3e7417a02f5c948f9b00bc,0xA65291984B3F3F3538291BCE8426B5CF4004DF34,0xf772f744f0152b6b85095a39f1d5541839710c6e,0xc25cb17a365b7b9250cae346d0b504f4f414ccd2c8a1c57453178835af1e91e9
2023-07-13 23:48:27.000 UTC,20324764,0xc6db8102b4db1194cae39d5a11aa479f1d9702bb,0xCFB839BE1479C6B7E89F99A762BB68A27D873492,0xf772f744f0152b6b85095a39f1d5541839710c6e,0x567548e71aa21b31d88f0a13b78c9e1f3138333a2877f3c687ba6fd4aa773b1d
2023-07-11 00:53:53.000 UTC,20273711,0xdc6f5fd8b8bce5ff549c87c983d141b4dc030bf4,0xA48E1E545DCCA252CFFFD55AEC0D4E76EA4FCEFE,0xf772f744f0152b6b85095a39f1d5541839710c6e,0x9690f9e4b9dd82e0f5a8bc6f1e6b7463d852be7f9acfa5eb7332a1d0948f92c4
2023-07-05 16:38:04.000 UTC,20181362,0x404ffc1183e4bd64593213d29d201e2a9fa12f2c,0x73681CF0922C359347A35A54B2AC7B931E3F15B0,0x73681cf0922c359347a35a54b2ac7b931e3f15b0,0xbedf92e8b51bce731eef283ca1062317d7c6dc76f1e86f3f0249c903f21a99fc
2023-07-05 16:38:04.000 UTC,20181362,0x5f2117c3ec7604fbf48b8b80b80aba5fa39ba7ac,0x5F7C9FA68A0082EC9483F0789C11662F7E38242E,0x5f7c9fa68a0082ec9483f0789c11662f7e38242e,0xb1411e97f44c146aa603df843d4f8b779d3f05f6ed7daa534a3c542743a65abb
2023-06-27 16:04:07.000 UTC,20042715,0x52e6bd876ae54313f81f1a21ec53dc2a18e6fbf9,0xA0B4AAC2B00E03B45161B34DE6CF6EA0FADEF9FD,0xa0b4aac2b00e03b45161b34de6cf6ea0fadef9fd,0xb717d9fe9d5b4ca3113c4d58c5802867ff7ab2f916526639a373331bf44653f0
2023-06-05 19:22:55.000 UTC,19664946,0x8223a32ed93cf9c89ccdb159c13c8fb485a61665,0x75E253495A25BDECBCA3120ED4013086FBD9BFEE,0x75e253495a25bdecbca3120ed4013086fbd9bfee,0x199e03e7cc390338c635f79872710ef0a5f0ff768b1336590032b2499968aafd
2023-05-26 22:36:53.000 UTC,19494475,0x119f742071d279a0daad1c496db1b502bb0436c7,0x13EE0389FCB851F54B58EE46AFE27A82E38A32A1,0x13ee0389fcb851f54b58ee46afe27a82e38a32a1,0x189653848cc1a13e237483af7e8349f463884caa774a6e25c7453f18b69976f3
2023-05-20 00:11:40.000 UTC,19374653,0xe647510c249c669c727eab2914eede00806adb0f,0x53673EAF4FCD0D046C6201EFB6EDA7D515483B4D,0x0a2b8c88952b57ca0a84928fa27339f9690ff134,0x1655a4488be7b6e87a5258b7361926a708298e8091b7c751c956dbdf45b06a25
2023-05-20 00:06:55.000 UTC,19374596,0x38777e54f9d386514a6692dddba8a490676ed60a,0x83409C3801C4A1F9288C56AA28D8039A16A395DD,0xf772f744f0152b6b85095a39f1d5541839710c6e,0xcb08f9e2b79e883d32c5be7c9a090964a474f401c2833df80374d2ce2fe3376c
2023-05-20 00:05:55.000 UTC,19374584,0x0cfd558fd27a1d11a3d5d7023c148bbe3de42d6b,0x50B8CA9D51A7B55F3F53118D3A990AFA2EDC2036,0xf772f744f0152b6b85095a39f1d5541839710c6e,0x7f8a3d09785b9ed3dbd59c4dd2dbc320009f57a8bb695c3d8f2ed428fc8bc9ea
2023-05-20 00:05:30.000 UTC,19374579,0x5659ad288c52203f744fbfb0284a3d8daaa35d09,0x50B8CA9D51A7B55F3F53118D3A990AFA2EDC2036,0xf772f744f0152b6b85095a39f1d5541839710c6e,0x1149f530a1dbc0274dff386d0feeb1ba82620be10ec09c663ef324a937f537fa
2023-04-21 21:38:32.000 UTC,18888982,0x864cbcf576009648bdc4c70ea2bc07aa6abe32a1,0x28F96618C18BB284EA9EEEE2E25598C71F34FBB4,0x0a2b8c88952b57ca0a84928fa27339f9690ff134,0xc4e5a054df76746888c7f8cceeabcf48469f153b3fbeceb8e66e7e7629f3a103
2023-04-21 21:34:47.000 UTC,18888937,0xc5bd85305a4a776817b06689b220883cb0ea910c,0xD00E6417C9F9136F3AC1BC07E6F0C3475EEE548E,0xf772f744f0152b6b85095a39f1d5541839710c6e,0x1331f5a9afcdf5855ad59c9a1de86a9c5b0fbdf3f1a6a2123d684a0c11f996ef
2023-04-21 21:28:32.000 UTC,18888862,0xb647fcc2c1ec4f2f298d91ff9bb6cad8ec5f45c2,0x3145E4B18CB5099070228B34B4DEC08D0E830463,0xf772f744f0152b6b85095a39f1d5541839710c6e,0xd24259125c2b7f4a459036f8a411516001fa5050f40999421bdf0e6f7f693e57
2023-04-21 21:28:07.000 UTC,18888857,0x4b7cb20c21cf755b5a6ccb5d48f0bc84228ad7c4,0x9F4549AB6D777ECEA67435E64F002EDCFA146BA5,0xf772f744f0152b6b85095a39f1d5541839710c6e,0x5d86cdc492e74d0c01f85afeb705b73b33a308c37f161446653d43ad8acfca25
2023-04-14 11:59:15.000 UTC,18761075,0xc870dc32e84531da06c0156f0dfa73cfa091c4bd,0xF1FAD09C73F92E1395F4E5B716CD0E809C9052E2,0xf1fad09c73f92e1395f4e5b716cd0e809c9052e2,0x85ac8e2b3d84af477a03dc2e071fc7939e4b084246979e9002bfc89a43f08a6c
2023-04-07 07:57:23.000 UTC,18637213,0xa649f5cfa38432d70f47484bf80d808eb257a154,0x9DAFAB968F1F1F8AFFE6BF2894B9B1AC28DA182D,0x9dafab968f1f1f8affe6bf2894b9b1ac28da182d,0xb840994fb0c46b7cc11cca3b14316e2cb305de7953ce8d59521a33d90e151cfd
2023-04-07 07:56:23.000 UTC,18637201,0xc4d0e41a6852cf3dfcc1fa6cc52877efbb2398f5,0x48E1BC52E033F81836C0333E2613CB771B55865A,0x48e1bc52e033f81836c0333e2613cb771b55865a,0x829d47d6aff634bbcfeabcbaa1ed7a72bfaba8b603a766c8dc7de0d0b305f460
2023-03-20 18:44:45.000 UTC,18333944,0xff5a484c3490f02715ebed886dd464390a4397a7,0x8A6866B2D9085B436B3BF11E63C6BD38B5A669FC,0x8a6866b2d9085b436b3bf11e63c6bd38b5a669fc,0xa6b42557ff49f90dce59ff08021b0dad2253a9fe67b764a1ad8aa732bdc6a4ed
2023-03-20 18:44:40.000 UTC,18333943,0x6b18116fbeb586197f707545bb3e078fd35808e6,0x5C0AA4D14C2E3B7E6422B6CFA2309A309A5B5EFB,0x5c0aa4d14c2e3b7e6422b6cfa2309a309a5b5efb,0xb6dd98b2ae7b3eb654f8486c36d9bee7b2530fb90e0f8bcbfb6c0001e5dc04f1
2023-03-20 18:44:40.000 UTC,18333943,0xcce4651959cb9f208751433db69c2e7f47b23af1,0xF3DECC121D48CA7BD5AFDBCCDFE34FCD0D35ACB9,0xf3decc121d48ca7bd5afdbccdfe34fcd0d35acb9,0xbf8cea7da48ed33e2042ae4a92c8315da8fd4658a993c6458692a0fa2b62a33c
2023-03-20 18:42:40.000 UTC,18333919,0xabd5dcb303185694bb92772f35670af6a92112b1,0x208D82855AA28BA629D6A9D18B10BF15E73013CD,0x208d82855aa28ba629d6a9d18b10bf15e73013cd,0x4c2924b15cb7e8754c8f8f9549a4f72d32ce793440e897a798c2884eaf999723
2023-02-22 04:59:07.000 UTC,17874774,0xb6a1bca0c67e9c9b358c40e45d27b598d5be0ef9,0x2C8377D81B9DB212CD6130C3D679E6D67A17C81C,0x2c8377d81b9db212cd6130c3d679e6d67a17c81c,0x6c9c9e890c2f891b7e75d02a304d8cb2a98d91f708efea0ed6cc56420a599a71
2023-02-17 22:55:21.000 UTC,17801291,0x6a1c5504aa57de395bbaaeac0aba67300d69eadc,0x1AC239FCF408EBB3B02B781A969120AF70E650EC,0x0a2b8c88952b57ca0a84928fa27339f9690ff134,0x3c02f6cec489a553e941a278aa99abc4dcd9998950555b9125329f4f95f1ddb2
2023-01-19 20:59:54.000 UTC,17298788,0xeb542d863b1798c10524a050b110290347b36bd1,0x1E4B72F035CB6C00BC5EFB88897E69EEB6F5E4F4,0x0a2b8c88952b57ca0a84928fa27339f9690ff134,0xc65ae8ad90d64e80e269f4a0d4f2c8b3b5c8acef644f45481b797de3a3419eb7
2023-01-17 22:50:24.000 UTC,17265554,0xaa8367c4fc651179a84e37fb7f31fc8a246a4a05,0x3CBAE4B3A189DBC4A69DE363B335E5BA306B920E,0x3cbae4b3a189dbc4a69de363b335e5ba306b920e,0xede44e30c200ec747cc4cc2fe0f2e71d103eec38e3c54211dce606f6c6b46c8b
2023-01-17 22:44:39.000 UTC,17265485,0x47718d7d6f8668878bba567c3720193cc8fd3a47,0x6156D2C443CC91A1A11C255839400AD7EFFC9303,0x6156d2c443cc91a1a11c255839400ad7effc9303,0xbb4dc769be53e7da3450336cbb1dafb26d0ecb76cab5b346f703b06ee1f5cf96
2023-01-17 22:44:34.000 UTC,17265484,0xde2d652d8cd03dc04ac02fb1dc0cf63c0f2d007a,0x7ED05F10566E98AF07FE83D2F02D7B7DF7EF87EF,0x7ed05f10566e98af07fe83d2f02d7b7df7ef87ef,0x9243583398975d75a617957b12562bf74c56617dcf592116976934ad281e0e4f
2023-01-17 22:44:14.000 UTC,17265480,0xcff8cf97e0728f1ebea671e11f692541c6e711fe,0xF71320183D1DBE90B4F908FB53F03A534AEB1626,0xf71320183d1dbe90b4f908fb53f03a534aeb1626,0x1204e70a872bf0f31bafc1bea78a1ca9b98c1158006c44da693bb371deb5407e
2023-01-17 22:43:54.000 UTC,17265476,0xd4f176f788c55577d5c5aea2450d209cb44aa9e9,0xADCACFAEC02617DE0B49FDB7A399443C97CF084C,0xadcacfaec02617de0b49fdb7a399443c97cf084c,0x2f3c9b50dfe29421393d764c5875438ebdd7353361c3aeb7ff888efa5333c3e6
2023-01-17 22:43:54.000 UTC,17265476,0x473e15025710e2247cc7522c4a6739a505ec0820,0x0A4C67FEAB9FD1BE0B88FFAEDB69B97BB2FA0BBF,0x0a4c67feab9fd1be0b88ffaedb69b97bb2fa0bbf,0xc971f1412102b06d1cc5d3f44769b8e7d04f822a95f932ce54a7f8e2c52bec37
2023-01-17 22:43:54.000 UTC,17265476,0x058bed463fae4cc458abe7da4c7e461c01259f39,0xA62B6D8C5E87652B74E24214A7B14B7E28F0D0DE,0xa62b6d8c5e87652b74e24214a7b14b7e28f0d0de,0x36d8951a4635319da5c4392c66cba3c9ed06849296b2f5d8987ca7f4a3a14494
2023-01-17 22:43:54.000 UTC,17265476,0xebbf444a60fc9f01a4cb613d08801b4bd24a54bb,0x9ECA79308B0149FCFE7267E672D955643A60FB18,0x9eca79308b0149fcfe7267e672d955643a60fb18,0x0b9eec0229ca8d83098df10f7b82af45f30fb230dcf39a6c9b6b77c87b26aa52
2023-01-17 22:43:54.000 UTC,17265476,0x68fbd650921067bc33124bdca2b00b8c44ada651,0x959E2B382C08871946B2B1C527FBE2B104985FFC,0x959e2b382c08871946b2b1c527fbe2b104985ffc,0x8f56e78a88193e3d3889153cfde630ea616a05af29f85dc79a457c7f9bae93ca
2023-01-17 22:43:49.000 UTC,17265475,0x2bd5e36ff9058363cc4094e22c38daeb012ab8f0,0xA0CF70727687A46082C1A1E8C819AEDABE4AB04D,0xa0cf70727687a46082c1a1e8c819aedabe4ab04d,0x8d52c209f8a709c6cb301e107829a0069c98b1b8c3c45046b8ae596613cf393c
2023-01-17 22:41:59.000 UTC,17265453,0x6ef5478a68bf73bb6943119fd8a6d37dff40bbf2,0x8B638CD10FDEF207254F473113E35A4F0EC9754D,0x8b638cd10fdef207254f473113e35a4f0ec9754d,0xdb5ed6f53f7a672d80b983e666c8472fd9ecbeb070f14990f161aabf4b07e28c
2023-01-17 19:46:24.000 UTC,17263346,0x2c4c406fd6f886095b94238839f2a41a43a17222,0xDD60B382A7C025D41376BDE1B12A981C2936763F,0xdd60b382a7c025d41376bde1b12a981c2936763f,0xaacd2864e0e78a365aadcb315a13bb9e8152b3c20d87111a1b3b3951b93d058d
2022-12-26 03:04:49.000 UTC,16871169,0x9657c6993f0c364be8b8301593af14e9d4ce5a77,0x3378E4E1D325AA58B248E0D9CAED43A4B6569693,0x3378e4e1d325aa58b248e0d9caed43a4b6569693,0xec99f482794ca9d35c7a0244fa169417f64e17c8f6e4c2ac015a53252a226f81
2022-12-23 22:20:24.000 UTC,16833196,0x78318c7088a2ee6452c74937e041f41f576f0f69,0xF496B140DB8C59F78A523E65F0E01AB39FA636FB,0xf496b140db8c59f78a523e65f0e01ab39fa636fb,0x33a8f03439c27cd5f95a85f29a7dac66180750c8466ee0c2ae9ef722f695ff6e
2022-12-23 22:13:14.000 UTC,16833110,0xf505be37703fcd9a1c7f8e8f5921699963cb1450,0x181035F8F782347AC6CD217A7939D2861B1E77B2,0x181035f8f782347ac6cd217a7939d2861b1e77b2,0xad9173eb7892a3efd2503315ffc7cdf219d07c74efaf45502e2ae524fbde0f4a
2022-12-23 22:07:44.000 UTC,16833044,0xc7d1900659b35e4c5583f25ef016d9caa568fd05,0xDED2AD91940C72D53835A5EADE691AF224BE1727,0xded2ad91940c72d53835a5eade691af224be1727,0xf4adc5752d42ad09a8f85fd10944f0b99ff6612658e7bc78eb736af9d6b03818
2022-12-18 04:03:30.000 UTC,16733635,0xc3aa0bf99462eb0dba4edba42168d85ea23f8ae0,0xBFEE1E72D3E117AD8731CCB8920FBEF9AE411E34,0x62c382e980dc3dc6f992be4dac993d4577af8d80,0x232b0e84dfd86ab635f4c9728d9bf5f0000156de0b7bc09e153578a08db059eb
2022-12-18 04:03:10.000 UTC,16733631,0xfcfe22177ab7b2a04d48403c438d27ad9ed74047,0xEBE58350627DE3853C29F5856AF8248CB2C88F38,0x62c382e980dc3dc6f992be4dac993d4577af8d80,0x51c03525eb2b2d59074213af84c2dfb92d42cfc7ec2707172d3b1298cb13af1b
2022-12-18 04:02:45.000 UTC,16733626,0xfdaa43573413642d09a022fa7d63c19a75dc3fee,0x781AF44ED9B4C6FAD91C5A36833DB1F8A2FDFC6C,0x62c382e980dc3dc6f992be4dac993d4577af8d80,0xe2a0e2fa619a2c44bf9af6a581324d723abf808d26a512c1a10620b2ad6d82db
2022-12-18 03:56:10.000 UTC,16733547,0x6711bd393efd48518ed0ce4fb71757b8a0ebd153,0x100D302B9CEB328028EEFA316E55C02351A5CC1D,0x62c382e980dc3dc6f992be4dac993d4577af8d80,0x33e30a683bc72b76f229d337dbb4398a88ee14a826737ea7a41a932f25867a91
2022-12-18 03:55:45.000 UTC,16733542,0xc8bd60dfb4f53d165029e33b6db8accf05c79e94,0xEF1F2B013E2874C306646849C37ECA594EC1070A,0x62c382e980dc3dc6f992be4dac993d4577af8d80,0x9d92097051e0e5a6f43b386389f873e8c3082a532770f45a55fd03d1d8070257
2022-12-18 03:55:20.000 UTC,16733537,0x9021c04b6ad2f5c54f9445fc60d01bf1820a6354,0x35DB355675992B84742ADD3B4CD5BFDAE378F7BB,0x62c382e980dc3dc6f992be4dac993d4577af8d80,0xdb19d17c46a47bd2f90ebca0532bdba46faa467f9d7b510df87e4f286c2eda95
2022-12-17 03:09:00.000 UTC,16715701,0xe2cf9b19d2036bf6f883385158eb69adccad0c42,0x842CA073E00ED3CE666EDC9B8943D410205B0461,0x41ef1111edbaa9672cfb81229003143157a23c36,0x64bd4565b275e6e58e355918a9e24069a1d6e2678e3fd1c2d74800f9f31813ee
2022-12-17 03:06:55.000 UTC,16715676,0x15e00ddf4d6a887a25fc82a345cf55309cd60d29,0x5FFF6346A703A4A3B10B275CC1937F2823732E31,0x41ef1111edbaa9672cfb81229003143157a23c36,0x81bbb92dda42938c3127e865b0656c1bb0f46b2af2912753ca61d0370e2896d7
2022-12-16 21:23:00.000 UTC,16711549,0x1707929fad1057d828182710216432d2e7828193,0xFCC75491D21EEE6872F30FD48A09EBFF43EFBFE4,0xf772f744f0152b6b85095a39f1d5541839710c6e,0x35758d988bb2912bc1786b9709d2f1c853f66d43eb47758411a329f007516aba
2022-12-16 21:18:55.000 UTC,16711500,0x355f4c21493d6c1b5ebd0c68b019c6722dcc04e6,0x4DDEAB2989F9F489909F866964AE6BB77614A6D8,0xf772f744f0152b6b85095a39f1d5541839710c6e,0xc09ccc130809d83c764df224d0e46263b0fd580e12146af51ec14fc55f6e0d15
2022-12-16 21:18:30.000 UTC,16711495,0x7622c280eb80de9015bc21c0b1b0f72b7f34c17f,0x7FA8C2DC0F36FD44A53296E0FDE904DA861DEB55,0xf772f744f0152b6b85095a39f1d5541839710c6e,0x7231aad16dd143736836224c496c9f53b8634ede4a6c86f7af09db92ea343440
2022-12-08 00:37:04.000 UTC,16558359,0x7873e1ff683ee8826f9dcc8dff9d783d11a08a61,0x4836715A21639E32DA8ECCE7559746C8760C14C9,0x4836715a21639e32da8ecce7559746c8760c14c9,0x341d0bda9264ccb7e6f558d23d3c615ac3f5d67a23da6715796ff0d50bc33e70
2022-11-15 21:32:33.000 UTC,16175990,0x05d60ade3f96665ee205f7a8ad43c5d57629b88a,0x6E42CE2FD45FF9B97A55D96F5A998DD8DE2B2BFB,0xf772f744f0152b6b85095a39f1d5541839710c6e,0xfdb3ac65f99852319ed09b2c18c42eccf602b43358172e6c6226a321b6b3ab15
2022-11-15 21:32:08.000 UTC,16175985,0x13f467e28551f82d9165e11170d40f012b80a4cf,0x08CDD879DF0A444D2D9B4C17CD6D32E1A36388E5,0xf772f744f0152b6b85095a39f1d5541839710c6e,0x206ecd689e2865b0b3afed05380e21e4d112987ea4946536351f8fc2dc1e2bcd
2022-11-15 21:31:38.000 UTC,16175979,0x5d984962e39ea42dfad65702b78a570110cf72d3,0xA24CA4EA5CF1A449F4B9A37ABC0C68743A1D32F2,0xf772f744f0152b6b85095a39f1d5541839710c6e,0x8c892d6939bd2a192c87ab34b06766fbe365776e9c28f9cc49ff74ab898676fd
2022-11-15 21:31:13.000 UTC,16175974,0xa41b55d5dde18abbf190bacfda0fe177353d5d3a,0x9672C8FC27AE01E4721787EC213FBC89B4E721C1,0xf772f744f0152b6b85095a39f1d5541839710c6e,0xba16ad23aef3b611d458d2f316e3f2dcc0b805fc0f94f8a5f89cb4acd53f7515
2022-11-15 21:30:48.000 UTC,16175969,0xa5b11114662ec3433b67710fde80b3fe865e70e9,0x54BAE00D5338E4B0C75C075AB597ECF74ED82890,0xf772f744f0152b6b85095a39f1d5541839710c6e,0x16c3a233e1b75978e069652d6cccb822c5384cca7c126f3e90977598e9e8605d
2022-11-15 21:30:23.000 UTC,16175964,0x744ade9033eb6e126645b6c3f66da5e60f08fc5e,0xC931AF606CA559963F730FF4D0196A40DECD2F98,0xf772f744f0152b6b85095a39f1d5541839710c6e,0x750a001e1f141814da2332dc2d8653c577f52856694c84cd50b701cef2d9c326
2022-11-15 21:28:08.000 UTC,16175937,0xb6e266cbc8e48936b08cc634b659d684103b90a3,0x6DFAF374A2110F0E9F758AAABD2DA4EBF5010F5E,0xf772f744f0152b6b85095a39f1d5541839710c6e,0xc8913618f07ac5c9fe8c18e8da5dbdc6a1aea8684f463e028a3ff6995f421b24
2022-11-15 21:27:43.000 UTC,16175932,0x153cbd21ebe9e7dc5f922c7e969ae0df870b2bd3,0xBAFDC590D7B166F29B03191538C073F01D6B7503,0xf772f744f0152b6b85095a39f1d5541839710c6e,0xa9874a60dc3b0fda62d551444f2d11995ea25857274665ceaf3ca6996463d255
2022-11-15 21:27:18.000 UTC,16175927,0xc365aed60678c872cbb5fb21e14e53863a05d87d,0x16997CB94E13D6502E04043E60B2B731B3F304B7,0xf772f744f0152b6b85095a39f1d5541839710c6e,0xfaed0bca57d4965b1823605b913d410bf2625c561b23e2738a0a8cd5de15653d
2022-11-15 21:26:53.000 UTC,16175922,0x4ac3136d1e5bc9288a42b16a2dbe071987b2b048,0x40B7E896CB826B2615FE7071B915422C456735EF,0xf772f744f0152b6b85095a39f1d5541839710c6e,0x3ba4033cf28a84730d7a9541ec9939296c1fad1776b151f1b290965c7e72f523
2022-11-15 21:26:28.000 UTC,16175917,0xb52a54630d7513fe30d6a5472222333c0504d832,0x835664C6B6CA19B2A4782E8B4BA03E2C51F68C1D,0xf772f744f0152b6b85095a39f1d5541839710c6e,0xe4494e93486263c04f06299acd69e1fd2fa1da53df82d72c12c2e7996d14fc78
2022-11-15 21:22:48.000 UTC,16175873,0x4b19a28039bb3af5f1f2aefd4670c67755e82dcc,0xDFE36F5B8F429B77F1B8754D9097A38222434DA6,0x58e5601f1c877060fdaad9dbb96d067ea549f45f,0x524e0525fb11db072cbb8038186f55418c4ba0b6c69eb8d287c4624d83fd4899
2022-11-15 21:22:23.000 UTC,16175868,0xb754c7fefff4375f3e2f954fdcc21781f122e7e7,0xC68F16C2F0A38BC716DDF9F99886AA70C2E6FFFA,0x58e5601f1c877060fdaad9dbb96d067ea549f45f,0x56bfe16d3d6931fd9794a01372f0bdd44b9f8927235c529ce7f015a8e1c4f2bf
2022-11-15 21:21:58.000 UTC,16175863,0x1cdf648d9c9fb4fb8ce217636cb755e90deece87,0x70F926B869CC07F4B06951062DE3BF1766AAB3CB,0x58e5601f1c877060fdaad9dbb96d067ea549f45f,0x907c79b6d3f6a962ab4357bafec6d3efea68c48260bfc35e16c67e973f7a7e56
2022-11-15 21:21:33.000 UTC,16175858,0x73eb4887de39b09afe68c8aca519a4954fee62c5,0x6EE91213AC641AA3FD8D852C2CEA1E59522E2BE0,0x58e5601f1c877060fdaad9dbb96d067ea549f45f,0xbe98accd6e412911aa331e0ab316b683bdcb9fe96e9b189089dec12a3d4ef598
2022-11-15 21:21:08.000 UTC,16175853,0xdbc455fa02109b995f0a9f6a95e99db6f8265e76,0x23031F7C9FCA7FE740F6645F32C2A1FB6CCABB57,0x58e5601f1c877060fdaad9dbb96d067ea549f45f,0x0b1f5712cca0753ffa9a1c2b1e1a85d8a8c5384229af69a3777b28938150cd45
2022-11-15 21:20:43.000 UTC,16175848,0x8b57c57fd37f748aa3302e72a3b201e23d2b3c22,0x891514B37B02149A97819A9DEB652FB113541EF1,0x58e5601f1c877060fdaad9dbb96d067ea549f45f,0xd057b2c6c3cd8d2761dfd4721456dc2d72cf398c873946f2acc89170cd12a161
2022-11-15 21:20:18.000 UTC,16175843,0x447b1353c01e81d46c574fd3828f0ac50fa37d76,0x39134E8561E9414C20E2BB1D3435F10527E9ED80,0x58e5601f1c877060fdaad9dbb96d067ea549f45f,0xa11afb34615133e44e07cd10b0921b6927f1f5f325fdbba280cffcbb646ef8d8
2022-11-15 21:19:53.000 UTC,16175838,0x391960827759d6e61ba3d2b1fce451e690c7769f,0x9194B1E1AB45DE41B74DEDB65DEC2D4AE235D902,0x58e5601f1c877060fdaad9dbb96d067ea549f45f,0x2f8aa96a56efadfe599ef3f42994f2b66140df0c9adbcfa6bf09667a78d8531a
2022-11-15 21:16:28.000 UTC,16175797,0x2b8cc860a0ab69757212dda629b4cc85eff7c0a2,0xA808E6B1F4FA6307212763316248096AC0DEC5AD,0x0a2b8c88952b57ca0a84928fa27339f9690ff134,0xa8a7937a9d0de7b7051e7dee3d8cfd454ea6fb5d82fb33a096a86a4102754c5f
2022-11-15 21:16:03.000 UTC,16175792,0xfc33b7a76debe07e3aeedcd5d8219a6ea504ba18,0x57DCFB66B570E07FA296296C3E311436E481F953,0x0a2b8c88952b57ca0a84928fa27339f9690ff134,0xfef8104540e205153f048d7cd8a82de3c56c0d62a7a3ebec3395d82b657656fb
