Release Gold Address,Beneficiary Address
0xc97e88e4803775e87701eedf5bdef8f4a9c89876,0xD18dEFb1CEAB4559C1d13C9f9907427B791D1bC9
0x7034589832c20dad66533f53319009bbcf34e45f,0xc5E6E15cD620f1bCaf742ddB6932dE40F9644D0D
0x282f95ada81610be70d7e1e8557f96866404a632,0x8Eb4BD2e9f1EcF3DB516CDa31cE4B34969e4cE54
0xd136f21f87c7d36cc0b488fb9b21d14fa86d27dc,0xB3a7db328e8521E3940010D07183F7768c3Db3d8
0x5c80858a7a1a730ef6e5d1408f4aed1d5512b080,0x044005d79cdcE661F5815600084237b67d70adE2
0x1dec9eae55fe9348bc195a57df03f1cd51fe13d1,0x48F6a023ab9c86eEC2149F3D93Ad52632EF3CF59
0xd22eb6784c69d69275e081283f49c9f46c4b86ea,0x724c1431eADa1d9563684b7bA6c9568e70961395
0x70c657b8fe399e20899789321e3be8413cd71987,0xCEb9Cecc3643C6FEf912eFFb6B22F58c17c29Cc2
0x7dc2f3edebfb21e7a784ef8954b66fbcd9dee407,0x3e6EC4F14e9e7ffC5044a2401A0Ac023573647E9
0x6d43609bf7c7b1b0e1f29d6b1922e23d3a37ec39,0xe2a9C1943c061202e992a61F7fDE6792b9B0d53a
0x70a9f34b9c6e94cbb3eacdf262cee0831f10a78b,0x8C6909F1bdDE2E6B54200F7c37a2348bc216E321
0x893745c8970007f87f27b2a874c6e984437a83de,0x8a2a74E7905cE9E2Cb7E4F1dd1467c764c1c141d
0xe3ebdd53c52d0619db96554bc51110d828228b4d,0x38fE2976f8923BFDA7BF5Af7d457b2409e6AD298
0x613629cdf3cef733016c7801eae9ccb5da652645,0x3c2C16D4ed06d70193dc8CfC35ECeb476add2e7F
0x3dbd15c29bcde617df3c4611b8c127108e5a667a,0xE87A4364932BE5f3cb3AA76C1CEe278dd3905B03
0xf62c998253dd5d75bd7fc4311d8df21ab15c70d5,0x08e595D0aFf85Bdf0e378A8A37D313A71B7E897E
0x43720c8db4c2e4ca7fa4f5709af36988bc1482ec,0xbF6b7a1368Df0aC2FbF408f30bcA898215E8C9A7
0xc47d659610c84d20786de89236fff261d6d69e85,0xA1f696b686998214A98A55F9B444440191e65c72
0x3f85428dccc693155e3fafacff3e66a59f6f9a5a,0xA3a9D26039838f1f023B34D1926d0C7Fb5F32733
0x9ad2afcf9f7d4625880a415cafb179b05e940579,0x4C74fb5bD7d246bb4c461f223627D784b417E557
0xad60ae22da620346668b5a3e4acaf9041da2da1b,0xAa4e3A15d0Cf41C161b59d326fae129B90ff60ff
0xd09e6f00039bd88f5794b9dfab61f4cc205f627d,0x9A96A3E185332Ed5D91132FCe06814E58a642bB1
0x49848b562143d5c7f887220ed0cdcbbd496e6a81,0x22e67f5e69D7bDf087BA157E4B42Ad9FE2760728
0x12f171272d878958c13c6f5040e68f662c3047c0,0x64EdE5B24BEAaE6ddEEd6522595190A878410DaE
0xc883f1d13bd8ccad5a3c95bdcf1f69ea9452a26f,0x7afdf388b4dEBe498EB8e125cf5eC2f7Cf139CE6
0xdfb94147574868d6f0ec97260f74ddac132cc07e,0x76E000079d437B8884aCC10EC1aBE6Fd702bCA0f
0x00d9651368bc7bf25710262d7b82dd5095495cee,0xA3415d81a7e8a6Cd0643B74E5722C83fc0b648BD
0xf044c32774b6dd6cbf5e25befe59e4affe2d7759,0xec15d94BFc46e788dc3F232f21264D648Fb02346
0x5303e21dd05cc44eccf146f74c69d8199d2a7011,0x83e50708E27b71001Bbe0E7C84a6B84550d9ECdE
0x8d7ab081c7cd2ed14ee81e29ac01ab25676a48ec,0x22e67f5e69D7bDf087BA157E4B42Ad9FE2760728
0x34e1dfae8bb6f3667e563826b67d7085ed818023,0x55b85f38dF73b6FE69fDD6260e4A5E85732f1940
0x2e88b48f5acd78e1c07562202c53729a95125179,0x11259374BD91b410fe112F120Bb0f2866f894C91
0x7e788daf106e75f466da2615e54cb5ee4dbd6461,0x800fD4dd74c5b3047D62757Fd8F7a8577D19625F
0x35ae10f412503abcf9275133613e8df7f56e72be,0x44349d73fcC370cD22438A030575f518251e1f2E
0x5024e430d42e53b3465ceb255f190b1a35f9ebbc,0xfCB6755104DfE03fE7a8313Bd48E54db6c2b03D1
0x8d8234f98f803483082467837814704fc9799695,0x3f0586DCe0F5669E5aF4CCB03a441F70Aa7B0dAd
0xa2d20dd35889b6594c1dfb2f8ae2763aa406aea9,0x5587fa20d85Cb1A230E9f8de1dFf8d9a7F8aed5e
0x08a76efaa57b28e4de679ce5c3369308b455380c,0x50b8CA9d51A7B55F3f53118D3A990AFA2EdC2036
0xcc4b2bcbbc9639ef1e91f47acfd12bd131525e79,0xA087388376F1eBE368E3ae22D630146319410082
0x0442efa0c708d8dd9c288256be756e01ec1601f0,0xBFf7a75202f7C901D1886E6FDe8D1C26Ffe4160f
0xfe6b868763a16e5b42b2a60f0b6eaaa0fa513cc1,0x5ea1B4a39b7Ee87cAf0fe4cf8712C3f90fE661a1
0x7194dfe766a92308880a943fd70f31c8e7c50e66,0xd19249cc30c84b068263Ba0e173FD19fAcD78f19
0x0e7f5e44ee4f6ede5fd5a32c9e65bc041b25e2f1,0xaF4b094d844Cc4dEa79A6C835BA26Eb01c5DA097
0x7c75b0b81a54359e9dccda9cb663ca2e3de6b710,0x4d82BfC8823a4F3AF82B0AdE52ff3e2d74A04757
0xf83c93ea360b66ddcd532960304948b1c10786a1,0x138976a2AE14ecC940F3D7E46C4a647c5dc2e3E8
0x87fd391ab38f1424a9c20e92a03eb2f948b34f35,0xFef88A4612C90B4fA831B672D8f209e32D4A868a
0x07fa1874ad4655ad0c763a7876503509be11e29e,0xBecc041a5090cD08AbD3940ab338d4CC94d2Ed3c
0x0d4f8cea48cdadeae345431577a64983c0535b12,0x351aEbCDeD9240aE77Dd0a3987e2110b15E0f038
0xb33e9e01e561a1da60f7cb42508500e571afb6eb,0x1C5fecC60f4F288e82354111681b2A466340bca8
0x0b84c4f1afce1bfcb32baa86cfda02de79b761f9,0xd2EF09c22739754e208CaAEFa8592110e7284Ae8
0xc7838a9fbcc69ba447e237fce8e27e2b91dc1212,0x4D23b90D63e690Fca2d9601EB157f05C33ad8Ee9
0xb433031eb648fa4d2c63371c41a24622656553a3,0xeb0E2Ab6C1CD245a132c70B7146AF2941876a988
0xbb25184b9e3a8eca942d01ebb2e5e35ad8081bc5,0x5587fa20d85Cb1A230E9f8de1dFf8d9a7F8aed5e
0x81ae1c73a326325216e25ff1af9ea3871195036e,0xBa7C96cccB363CaF62b6E86665AC0C7d53BEdfba
0xcce9dd9f75c45c998586ee71b51b0adf891f16cd,0x810ca57954F7a5dE2929f9173A0397BcA9AEb0B5
0x0339df3fe4f5ccc864eae8491e5c8aec4611a631,0x3Da0f75d7Cc237EDFfBc57fBe2B319e10258A19e
0x44a7af700aca1b24ecdb818df4d202772d606cb4,0x22f22c38C5148f58086b937238c101a0CAEF9DA3
0x45d8170f30b0d408196ab0e14af47d77b18f0a38,0x1223E6fd91058c49264f597CA33e25E99d6DE957
0xd72ed2e3db984bac3bb351fe652200de527effcf,0xFD8cCe689A04E356AE13071C0c41Faf7552402Fb
0x6ac7e3d0bdeb78ddcf3d9b15208b50c08271c213,0xE267D978037B89db06C6a5FcF82fAd8297E290ff
0x206296befffb68fce658535d443c732892162005,0xA588dB154AeDB5D15d765c27b359417255478c72
0xc8d1dc1ac8e0ac039a8b1284ef687d557f812e5c,0x2FeAC50eB386F3757d6e003fE27D75d872fC93bb
0x8851f4852ce427191dc8d9065d720619889e3260,0x5d4aeaf81a25a590Fac7215851a5541e6239FaF7
0x1d083becfaac301b4b845d0e5b80a9da5f6de946,0x7C357DbABdD47aE8263C0c0A9E2d656Ed880481A
0x0f412760759a2fad4f07cee36bfdaa218814de89,0x76A39Aa16276d30c137ae338EA99E2F3B8AC3CDA
0x07adf41f00dd7ec9c63c445f3fad5ccbdc2a7c85,0xD38935223966BA19Ea73792b1dC92b71420B46fc
0x82f8bcf96f24ba60ef041d192c7ce04c907e2fb8,0x493881b5133f53f902c92c02C67EE35c0d50158D
0x1d2d673aa8a0db5e7cdfb8c671c3672bb0d6d8af,0x04Fd47591a623e3dD49787B64182661254238A4b
0xb3137f0b0371b7b40dc18eeafd7332cd52fe126c,0xDe0B5b0a35de2b2b398C382A53F4aad2455aC519
0x41692e7f519764558325185db73f44d4e37a606d,0xc9ca585b20e9fc8E8CC2e148351b1b4342175D0A
0xdadbd6cfb29b054adc9c4c2ef0f21f0bbdb44871,0xa8AA9c53b6535656eb3dA9624105e6F4d5cb7bF4
0x0e47ea88480788289bda37d8ae0c2cd680623cfa,0x4C7Cd95d47858D9B28C314D5b70149e2Ab1076C2
0x9e6db6895535f70f6966e8bce37a0a3e20df0294,0xa410F40B304E81D3eBD5b7B9aB3a40e27bCa31DA
0xb4d83b173a0288a3f8c4646ed8ce473d1f9ba978,0x613800B25Da0A6F96dA633EfA10Fec6af40BabB3
0xbcc71f31a5987f10afd29f3be7119c05a14f5bcb,0xD51247163529d327322712239e65C7E6AFf0de82
0x758d1000fb3d37f88ce3ba880882898a3b0ca3ab,0x2B92f0516faF110e558D0e267431dBd1E08C0054
0x972cacc9a5f0c5031ae8445274393cf4276f42b3,0x25C7731B5448D3002DCC0DFc256BC657e40deD33
0x399b3d48fdcd668d274afc6f4be05475a325c6c6,0xF588C86d6555cB264733b97001d28E07279912e2
0x0ed27270c4914877bf2a6cb3abf4ca493117acb8,0xA2a26D5f36FFcD186F23168872ecb96f1409635A
0xf00eb5e591dd4f23df2ce92ab3ef0948281bb67d,0xdcef0AA074BF91e8089EfB2A5C961fa808a2a2E1
0x89754202d38684811826124e558c70b674ef3014,0x536be34D2443e83A04A79C84790012B0401135a1
0x1aef9bf15de73adba318fc8aea3d2f45d120cc8a,0x87f394E0DeAbB94D844aE62fF2AEA730F75bD33D
0xac6492d439b3b812e822d1e975338f48bdd0b1f2,0x771B75D27458fAdDCe69A946875988fF875a5665
0x8493bd3de67ac341d4cc11531f96a1a2cdbf29ad,0x81a9CC4103e2c66a652b2C17BaaF134FdaeAfCA9
0xcc5dbdf5c397d69dfc28da44f690492942c2910a,0x580e765D0FF80d8a74Dd37b5a2E9FA4214A7D2Db
0x17e1796726b3a342a3405d5261b4755a07c3d55a,0x7bb25579370A2b262dCA76199b35185f762C1567
0x368f77ac7c739415f86e22ce413cd72bcec9fb13,0x297dCFCf65545B14927fc21c1A6d56FFD5A19FE1
0xdaf3ef7ac0098189ee83af2120f6f7c1957d2683,0x293d502bf45acf208333644C344fB81F3a9A6fDf
0xf671bacb43179f30f3fdd58f81367fd5c33ac1f5,0xd449DB2DAba9388266B78B5D40a4c40D72de36d0
0xa65c5c32b58012d188f56e9305437fc545f99614,0x725B0aE5E10B58F7d8123199008dC9619df65FB9
0xbf55df76204f00acf296f76cf4aaf86a866a5eb0,0xE516bDce8FaB982F3dB2A32101B4ACE78eAF7a04
0xb87f2354e34b26ba6406ac60ea99dcd8cd5e63bf,0x811fCDCA76977Aa7236f48dF1A37446fa13eC8cc
0xb29438f402da218180bba79fbc0fadd3e9e151aa,0x42149d79bEEbb0C9d62f2436256f83707Afa09F7
0x493e793ad77904fdb618dac5f8583f1d91874e36,0xD0Ba1dC078a9C95E55FdBB7A9dd0f31082358c92
0xc24baeac0fd189637112b7e33d22fff2730af993,0x0C8eDeffEfE778287978175Fdc9Eaa4c03f0Ed17
0xc7d5409fee80b3ac37dbc111664dc511a5982469,0x000aAEE22EB8491e72fDff1fF3cDeB1cF071eE76
0x88d6af106fbc051ebc23eea5eb060d726f0c213f,0xa28dB9F3c0749E8F884E71Bb9793E9f937F8a3b0
0x8eb004dad9397b8f23e1279905c584920000756d,0xD4A6dd7e815175fd5232dC32CF1c0dD926D81255
0x2df505a1f281cd3ba10baa093fa89909c75362b5,0x3352dAf507Dc597Ac47f227F7E27c71d684C3fde
0x9bc50f538c3fe5d3ecaa34c3efff0436c47e0376,0xd72a70D62BB15d757845620fE49cC89c6066b363
0x48de6c6668c24e5bd113d5c46d813c50fe2204d1,0x5265057D68200B4Df6ff4aC1B54A504393ac2Ccd
0xfeb7715df3cdfa58a236fb528c8c22e7a2b846be,0x65b85B194656FA663a59B868257eaae433a9b506
0xc8a81d473992c7c6d3f469a8263f24914625709d,0x3D841F0b39E2DACa569C09aDe3eA3CA0e4359641
0x6964a0c39fa7f63c59f7dc77ac1802f24e2649aa,0x5837fFFbAdDa45ACFa4FD136b2EB7aA98269D7e0
0xb234e017ad9e29687474196a93d5c7df24415902,0x5B2E3392d0fc9A6b31D509A9d613C85E87F4552B
0x65da263720ec6819ea84302161b571a7281710e5,0x3987582bC44744652A95ae030aDF17c49A6DE9Eb
0xff58f71e729b4796bf8cdf305e9db4fd81f1494e,0x27AD84596dBc982053259aEc52ED4233876DdF83
0x88f243bc0f439549dffff3c8c60b82f298116c9d,0x758085e6F7D6a0fe127D1a2c11F58E7224Ab0adA
0x15ed3f6b79f5fb9ef1d99d37314dd626b3005f0b,0xCbBDa4307091f287a6C4BbE641D5C84014ed70d5
0xae89e059f87bd83d60e761c71ed481dd23c212de,0x204dEb6bbAbDABaEd34f805B5A75304D837Ab662
0x2edfe9e0c9ea37e9459da3b846e7f1bcce062494,0xEeaD2F99EF87768a714Aa89d2E17a6cF5f686198
0xc6cc37fbd940956056d11044d7c2c171d085d027,0xceF2f8F7FfFD79F72651793547F07298146C3B07
0xddbca691842fd452d8f53575fdfdc2314eb3ad57,0x1d420010b8917FE71cB635ABAd88398A0e89b2a5
0x533fecb4c0231f6c977518e9a63a9f098e8ac64f,0x0f0b8b43084d3aa8a05d60922F8a2791FB603970
0x1dd301feaa72f4c07b3ca56ce0c27e98e66b77bd,0x658b5Df4E9deac0f3dabDe671CaEA3c77582f222
0x5282f82f82e9a74e186b8ee18cc76808b78dc383,0x7F21B40A9b47ea834AD35bed202E1FBAAE165a19
0x2536075aa9f3d6d5bb7effd0e537a85beac9612d,0x73dfb47fEB4fA1536EB7d54386aDD730b8FE0235
0x340a63600bbd6edf1d3283cd8c15f2962d41bde8,0x2A95ba27840a16D5Ff7f05075e8A75ABD23824Af
0xcdd88f80ed52afec9d670f5a6da8940eee716f45,0x44DeceBA63D392D8a178F566677021e8D2695765
0x1b4a54049a8652c4c3e62c8c6959f06280acfc6c,0x48dBE4793D1941C1fc911Bc32AA4a56e44a08fbA
0x53a3c96d7ab9b38b32038ac0a8d3a7c7ee62962f,0x267Bb201F73d16e87dAc8820444B6fbdFC8c521C
0xddc60b465c204aa7358ce4f009d2dbc65af5c4b4,0xC5aEdE76095c8C086684e97a0af01E88a84fDA0b
0xd491e5ec7bbb4c6ea9ee522f21f6621706e65a3e,0x8267809F2f76D53f0a85486ccE9c2b8CBD8960aa
0x0f66619058bb9675f3d394fcc2ce236a29901571,0xb3Ba92Ab0E7F52E931D9773ab755bF01a0ba3074
0xd25c6a9fef4744e8d4f90bf6bdfaf7686909d799,0xb6364907F4e5f7B3D35891144f9DBf9c571759D6
0x4013c00bd208facb6342ea40c2450b716318ebba,0x7F5bb79b6756afE35CC71b3850C829B5EC13e6d7
0xd341b9beb934207c476bdb618bd372e6fea21f88,0x0F0CEAe30aD490B47e000449803F5e926D66dB0e
0x8e3ddaf0f0d107160324ae6c012d8ef47cf481dc,0xC8279F77C5ee6Eb38eC7f4ded9a47FFD1389D960
0x36c7bc7248f0373a3f398732817deb4bc2dbf232,0x55Dc65Ea4705d29D6C28fECf1c9c0a5159655832
0xd5906766fa2c56700270312f8c9049bca9939c11,0xB72c361EF13B3BCf7Fbf8209AE67AC298c75aA7C
0x29c9ca0186650063ba6fcac3a952613b11d6bc36,0x0627E5f7E0D1A3749764F8417133A77E7b2eE707
0xa06043129e96e425682e4279c87cd79100fe6e21,0x64D8BA94b639A2C752DD6cb87Ee641d2e6ce787e
0x5e69cca114a77ab0a5804108faf0cd1e1c802a5e,0x5E55d7bf906f8b35adF4b73462C1a45030a2E5c9
0x43fbd2b45ef5c042f821d24e14933c570e05ef78,0xC1b282760170AA47D81868F00CcA1A0D9369612D
0xf1dd2882f6fdb1792a4b71d2320c9ff167c39736,0xeB5fcCc6Ad354BcC61f1414b8DA6ECCCA28DC4C5
0x089b1654325cce14fb3e2dabca2803bc489e83e7,0xd1687731C3661167706e53e4cfF43B37c8673189
0x6b3d00acbf6079be05a9bbd290dfa2585ec33cd8,0xC0098d747Ff088336108AAA8F7dcCa1E637F0A7B
0xad82e4cfd4fdd1fb99821dac241695a8ca88d971,0xE5333868a5ed09490254de5E3492790C96E908C2
0x664562f46dacad91661acf603952139490a315c0,0xAA67EdE225B16dbB534A3f8BF71F7a6698845892
0xc627459bfc70cd7b6719d5b8030c3bea7825ca7e,0xFAe9d139a5a738C75e4b3135DfA1c6E53BA25A4e
0x588ed7deeff8df7c00ff187c398936b101583ec7,0x131cD6c660094B0967640E098E1280D6618c3742
0x5ac4221b82271bedf3afc780fa217f686f475a11,0xd1bE0f4ED98D4FDaE1FC14E2C6bCf4f7be445441
0xd22203fdc74187608b8e8b41cdc7cbafe48e410a,0xeedf27620B79b1f9dDDE7eD689e478F30C1C6Aac
0x660c153e141e54a9fbf950796347d62a90f752f6,0x4FA659aCe482C7F854248f4F1253636AbCe738AB
0xa432da0ed5a2c15cbc681227ccec3b375908fdcb,0xe1442B26eB987dA49cF02ae14203121335bdb740
0xcd37c8b0f8a71a6e3febd14ad86971b1bc5e3876,0x88227BF5fFf20f53366a645C4e78Ac31a141Ef88
0x1a4f4fd50e236056a188dd58fcc937e324f35141,0xACd31B9a109c5227B165e4C9324723ae614cf903
0x1afa76506933b90dd2e6a83ae0a29d71c4e68134,0xD0Ba1dC078a9C95E55FdBB7A9dd0f31082358c92
0xd9ac77973824886cb2100c404925fb788a66fe2d,0xc45EE9f122F2FA2BC1ed78F2D253cAb984FD9F48
0x151d81ae1709e52a0356138e221a0bc60b283114,0x24f6dcaf003d0f35158D4c67c7Fe432057485da0
0x7ae2f01ab6b6681148b50248d0b99a6abc5a09d5,0xd0a6863a9aE360684A7694E4333A2357ce9A415b
0x9ea3f9130e7e5df7d553cc311687bde0c3d88822,0x61550368dCbE2AFEC14B3c7D956cDdcf4B445Bf2
0x893c0ff5597c1ceb04e4fa957fba1309cbb3ba25,0xfBc6C03FbE58A3A096d65B692751feF222a93ef0
0x69d111ef5ab09fffc597c5c885d4fb16925c9ed6,0xceF2f8F7FfFD79F72651793547F07298146C3B07
0xcb063993fcb57986763166c56b9501e21327f6ce,0xDA9b3cDc181b7b956447B6199C374314A4321C79
0x7a918cf803b083955fdc53ae2a5dd50d06b45f4b,0x435B4b17F213B0caC1EbC17E3D08C800485866e9
0xb58c5c9b8debd3b6e6946c0278b23b25cded2773,0xea252187b9E681BF5Bc9211DF036ba9CB89b0Cfa
0x3c9e737a5c8196a9a2195497f47c460896d8d969,0x7B1d0D006a62Bc39551797317a481e65A1c7d294
0x80048b9a29f77c92cd4172df27cee4d7ba3a8d07,0x08cd011A0cE3F139d586c8a403Ea0b2610f1b5Ed
0xb2e5fb92d905f3c9cf50800b6212600c7e220d6b,0x5Fd8A628917Dc25821F7C82822D24d1Acf026BaB
0xb35be22bccb0db9dc62967dcf15feb97c20f854e,0xFb2D3069e3F36E04347174Cf01F6FBf43163DE6D
0xebe112e4ce47976cb1ff26324b5d5011b4dbdc7d,0x41978b97ea6d9b1Ef6f5e32F992c69a885588191
0x48a034609020bfeb7200dbd83845467f80c16ebe,0x59d60DC8CA368e6856c9D78bcEb4C3a55470Fa0b
0x0a3cbf90327c93054ddf210fd6d5fa2cdfc875d0,0x57900c1EC6F8B8b88a9ef16DF02D989002D3223F
0x989f3f2684f96b8cdec308b4e7538a5a062890f0,0xB056768bB484e29d90C09e330565aD8E1C24Cc6a
0xb2728edcc9c255c2d053ea6cae31cfd584b758d3,0xe6bB8298e13130B2CD0DF65ba7e195D4A4caeA0e
0x62af3bbfbc1c0e4bcb846962ae41c5e959383b67,0xA78D37410b7423d8595e79e545AD573e5807A3c0
0xfce209d7d98d42f78fec96f23e7a3fb365bb1a1b,0xe60A72E4f6Da247D1AE4c140B4e75ef5b72EacED
0x2c2b0f71d59b546b2cafd222696589c13c3c325c,0x6765Eef948592F096dCEB289313372401B461Cdb
0x489dca840aa686cf055c342c165e9358889840de,0x398850b105b4f86dc53990bAF169685A1FE1a42B
0xc64df5be250264bf2888591d87cdeb13bfadc501,0xfB32cab6De0BcC462917C8194DfC3A6C71e63d94
0x4d5a51039ea45063d4b665b21755db20a738dadc,0xd5c94Eba1431F8E481D1621402dABf204C1d12D3
0x649a269decf60d6b570a0aa4ea4579bf400ff6b3,0xc44b041B4697352A0B12537Ee99c5f1273504CF3
0x7328b986cf7e7a1baf62e257aafa66abda4109ce,0xD8f70CAAbbcD2174661e63db4b3F8d018a6B999D
0xfea3a9f2b28e9eea5eb14be130c7c79459b2aa5e,0x462DeBBaec041e731EE31e77BF61E19f45832BA6
0x10bcb8943b7bf9b33e4d510feb212bd20b1ce9b2,0xFe38e77fdA4Bfb2Ba1085AF32Ea8adc7F84E5b6E
0x402be96c77f4605955a35e6b9f366561f71db33e,0x27C53758530E63e6e3EA937141A84c70253c1348
0x6b0f422041a233a89697a0b7187fab69469baa76,0x80b2c7f9E297928764c493882a15B2f0292ad4D1
0xa22089ea702269b5bc4b49ab404df9532741a922,0xac7cC72ccC8Bd8Cc0058F479586E0a9FFf9239da
0x2bdc5ccda08a7f821ae0df72b5fda60cd58d6353,0x42Ec39634217b708Aa87befa85D6e87DdD335292
0x17650cbf3b536b4ad14cd3347eb830e27b9c4396,0xD2Bf1847e3385dbee3032646662690E29cdb52c9
0x061e9958028dcaa66fd8b255ad95194203b6c4da,0xFB5A0cf1baAeb160ef99E1Ac1a3794e5cCF20b9E
0x8a12cab622b8093208931fa008d12d6ba5af47e4,0x4EA01c7F19F64bE2771Ad91568FB01b745637fc9
0x4da92da1afbf103f2b52dd29326e34c98ca1e78c,0xAC19B8Ab514623144CBc92C9C4ACb3583E594bE3
0xd19fb36b7f433fe13820767ef6d0e26fdbab68cc,0xAC271CC079A734C363f082A431b2270f56C49038
0xe6794471ec5f49b14e9971e6abe8dc446b4747c5,0xdB0438E45BAc23dbcfe50E35c3E4a790A43d4A31
0x3bebd7ed4ca0ce7bfd69fc6aef31ddd21c460158,0x6dffE761ee1b9Ec3a92deD9aA037DB85543Bb8de
0x112ff12927cd6f924d80b9aba32e531733b602ff,0xd998d20542Bf7479E2CE404F1783eE61E6dD466c
0xe6bf4e939d0b9db76da62195c1ffe7bf869ace96,0xFedc74D42F7fb813c4d4af13Da24ecD46f3651E7
0x1f15d4210e34dfeeec087c906b426509da1b01f1,0xbc9e7913BE61dB437aa6e57a0476964e80D6621A
0x1c810f2aa829c874974ec449a965c6e5dbb301b8,0xcc28f7E7E128b80F2eA21Da98132c98617673487
0x943e9a5c750adcc467575f4fe81bf6b1c3a2aed7,0x7Ff03c3216573710a62831d5249D7A7CE4D017dE
0xa94d1fca8c5583396601dbb02d12615e6f4859bd,0x46B83485cC4845eaFA5616632E30728D0A6AA4E8
0x85385118f1ce377fbd11f409a46aa7caa4ec0304,0x36B5dD5774AE29dD86388392CD000FC28DE6bFF5
0x101d489b6c3b4f1a3c8400deb5ad6e97838627a8,0x9CA1e1a9b3104ea06f4fdCcE6848e72a81759d8E
0xd035bb394d373de77f9599c9be39df0bb08fc9ea,0xFc8c17FFEBc843a76f3337f7bb2795f683915552
0xf7c49c2664b50fbc3e0abeee91583b4467489b7c,0xAd1d85B887Aae68e83a9a240F62790bd41ADb2E4
0x0f4c32ebfd5ab18c28f17a2242d80f50e5f33b0d,0x4Faa15c16e54C29D20E8aEb539c0Df25cB5deD7F
0x2fd49e97262d505fd76bb6e0e06ec10e1fd54589,0x04aa0cad3c4AA363716b698601EF86cA24b66a8b
0x5098a28bfa2da3183e36c009c7d63093b66441a5,0x4E1a3C4246FaaEfC2987CF19B5B0D958e4E42A0e
0x38c01915f5277f5b18821ba55ecd278379b33666,0xc8c40361831cB909ce6d7AE2454f1150762809Fc
0x2ad029cecadce548eb9c93859c73d96f112aa371,0x1fb0E50fD7D94e1Be9b7FFc1aE3BDEcEcA6aa0ac
0x77ae7af49e703592ae822fda77af841621dd6d31,0x1A11Ed576A3f6562AD10C3b273858a89Af9B7267
0xfe38631e7e164d20754387f7165b9c5b427da17b,0xf1cC0D8f2322AE86252Cf1D1F2308EE51BE336A6
0x64922a5eb79f3468231963763f9513a394ddff41,0x3A753Ad3c7ed7647a15b1393a04D74da20D42e92
0x34649ada2cb44d851a2103feaa8922deddabfc1c,0x36305577C90f6aBa91Ae655D19f7E1a792e6d3DA
0x90b056b00952d71bc7866c067b49f5b062098ac9,0xA83d15CAc551aD1B69137eb39Ad57d8644eD532a
0xe141831c2c1198d79b9ff61cd97c3baca7f071e0,0x93D3dC5eB8Bc021cF51ab4eD67050F094c5233f9
0x9f49e9ec7199455dda0b116785470fbafb4c0b50,0xde8804E1022b7AcE305fCaB28F1ff85DfDc2730e
0x21fb4411fa5828344c2788ab07d4cc12a12571b9,0x66501a0A13B9B77ADB332A3aeF4F6eBe4F8Fd12E
0xa4ee088a121387e2194be6fd280a9b0d77bb6706,0xE41DcdcC7df29113015E33975D21d5c1eD7FfF87
0xdd431a27adce5b957fe2fe877a65f0e6304d68a0,0xbd1dd0EB25b66F74d3609317cFd6E738FDe4386d
0x5402172e972b31fc9f0383f53f45823ab5037379,0xC842D30Ef5e354cb2F6f15a7Da524f4A968C2911
0x00a9e8869e40e038d0fae63d825a732e6fff48d1,0xc2064926AFb167ffEcB8997235CAd1CCd5773228
0xab2fdf3f4802a542754915e04c33a9596b164f31,0xFD2C3778f7afc6402aC72d94C4d094EDD4649b28
0x9605fbd9c8fbf7344485d38320a05cc392d5761e,0xa16Df1f36897406fEFF1fba435D67174b7EE5c64
0x01b2b83fdf26afc3ca7062c35bc68c8dde56db04,0x88996e9484DB8f9398c8DFaC953585Bc7277eFE5
0xd206ceab2919c0c2d7eea697c04bdff7b392209a,0xbEE7E58Ab941eC31f8b3A7C702Da78FcE975956e
0x8d1a5ef84252586f0f841a9fcf4e31f23c4c21e0,0x57EE36E3EfaCa7468184Ff8fabfD12fAF9D60C18
0x02dc997790352e12fa90eb1a937dfef4bf8dbbc0,0x38d52F5a0719A6da5d4BB3C9FadaF8C10C0cce02
0xe06fe9b4ed7d5252e629e919a054eeb9b3e2ba69,0x8E2eEf6b2EC53FedcadE62BF12c5384D45fb1925
0x5ad57905651b7ee2f6adcdaf0c7fd24ab7b5d63d,0xE4a093c60005f37E8ACDdD7D97cE7c06dda60c2F
0x0b04c6ca6f2ea2c57d51c28bb3e82b0c9b4072eb,0x221370e066AB3De1f6130731a1A0E992954ED1A4
0xb4b7346271497a65cc3ce36603228e1f57eb57b3,0x5566Dac4fdF523E63d705a4c595D3096642b4466
0x8580db53c3ebc56230662b771cef2707e92ef83a,0xC05153EaAEAb67D5BAc1C25B1e5675Fb85B75a08
0x6e5a2624ae582c96c5a12eb168afa532a85ae829,0xbE67628214eDAC566A464c10d587638E1D01DDb5
0x59428ac67d082b71d0a9eccd75ee0969ae79d929,0x7C99a549E5021aC25E756d81224f30b9ed086322
0x7ad4c2fc79cbd6304b178544df219797f3dff87a,0x0EfCbf280aC18eF18884Ac4624AdA88fBfe43134
0xe834a527aadfbdea467db68cba356e2d72a9de1d,0x6Fb5d1792f248797FE9bD7b92948454593845e03
0x2331bb285b88a5bcc1cea9cf1dba6827ca347a16,0x3f0586DCe0F5669E5aF4CCB03a441F70Aa7B0dAd
0xfce0779607246eb5121a5a4192d6ac4a758c217d,0x9eC51E60ad4fdF609ca9df164b49280ca365D303
0x0ebdccd9091efb1243417bdf3addd63132962586,0xe4beCE11dFb62A8A63569710302ef8bD70325E10
0xab98b3c66fb538c90359191067a5ea3af8e5739b,0xDE84076a698635151C8237e6d1d6Dc1133703263
0x9dcaccbfdd7b34f3ebffaa5bb48c628cb597162a,0x5d079034C7322acdA811E0757b1DDab45c9c8553
0xc1f0ecc6e47f0b915032d243090aee4ced5a8b77,0x916cb09d003c546D11418ce027a47Ffd4b211A8c
0x614b7654ba0cc6000abe526779911b70c1f7125a,0xB1dE485616f06cB6E244932cdEfe6c4678187684
0x19049ceb58d5d0ca360fb5f6c46e9ee43b6accd3,0x0d23A4F97a9a59ef09cB1Ce8422a25292b3674E6
0xa3043a2cc4bad030442195346811e7cf56e2c9c0,0x213Bebc9591e4cD2297F23A1C36ec501db62E2E4
0xe0945f0c413ea24a7a75b5975aca35ea386fc892,0x63f4c4c9c19EF8554fBc50C576706C4D178cE282
0x897c683206ddb5f134f451527c2b6f5e837407de,0x3FA649B3Ac6ce3E4705265b5781021c2489Fba64
0x48caf4f30983383d47e09d29ff687342c01aa6dd,0x6534300455248450CFE42BA64c51fab0398f9bA9
0xda89dfd5e74df1fd800d89cf7706154e84dce1eb,0x8bAB73973BcB4c8EF523507df5B2e8ffaA9A367a
0x249a6b2b260000b08f50a2480e2d703baf02e8be,0x23DB1E5DAA277D3B643AD9B44c8045CA21949bEf
0xb9a188db0afc72dcb817e20ff5a2f247718aabf3,0xfec5e94e4A230B425ca6e19D82DBD8df7c65c680
0x47c083032fe94825126cb200bbf13be0d9425415,0x2379957fB8d2184385c20e9c5535da7a3607E313
0xf6741dc4f5563a67966065d330a4351b410146b7,0x5ACBbaC2C3130a347282dF5bB536b8E744B66A82
0x481eade762d6d0b49580189b78709c9347b395bf,0xA5b05c58054A3863DADb67950aBa007624DaAE1f
0xedc6de33aae68d3579a559db3c562077c227cf3a,0xDC38154E2010AF4E6D393c4843B4DA90d308b7fC
0x7e400c912c9f19ddbb81903881ec8c17734dff42,0x87Ff6FD07E94eC3182a5429C9c7FDcB3d38e9c69
0xaad5a913aa4c3051dffc18dac55643481bc3acd0,0x6497479E1Dd24D43202AF35B15CfAC1F8D70Ec28
0x55564902239df06184357580807ff7b40a75210a,0x99b289ff21249747E9b9241B6D65e40Ea8136053
0xacf0e11ff39ead797475a1694fcca94a0e94784f,0xfC8a9d44974B3aA43a76811bd282c091CB853C89
0x0d62995d4819a4d29cbb4dfe9124bb5c1956648f,0x50e4052E10ec26850967A42fCDaEc57DE6647940
0x48ac52662cbf32f8fc0cd8c1122c7560b482c2ad,0x584a380b07851A6cf53Fb9F449616dC8A840062b
0x2ab07777b22d1d254a8384376cecaa2dc1c1ed42,0x540369Ce04C25c0F96D5124c0E0cd234838CDB45
0xeff8f02774bb45f728762839c5404902f206a4ea,0xEae0E9d921Fec7cdAbA278c6E1aC5Da61A8d52D9
0xceba90fdf5f11463dbfb31a5be3ddeb6daa08295,0x1B455F3693e5E4D9a8A374537Ae583Ff7Ba55f70
0x3dcf2ed8dc84a63ffd2bfdc3cdb2fa0b1aeafe5c,0x8b87dE691F8bf0040FF585326EEB612De81f0D53
0x2268c440b7557a7d199976835daee17b4a59a597,0xE532fA2203CABd5eA1C823C97A7f803DCf194239
0x81cef0668e15639d0b101bdc3067699309d73bed,0x5863e292fbdccb8Bb3c8dD356C201a5e1524e419
0x5423c03551641336b3d5886f85f882fd2bd5db7e,0x93e1344Ccc3D679652B3F0560E84e4F962cFdDe7
0xd9bba95f03425816c5c04e159372b64eb14e6939,0x6eF5CB03FaaF615b0284a994386B930362217DE1
0x4ccef58e61b111c70ef44e731b7064a008a1fd9d,0x2cf25D29F4F626362bCF75A04BaA40e0B47a8431
0x39b01620ecdeb8347270ee78dc962b0ea583b57a,0x9D4A77115321aA26B88b5Cb4F4573076C0b6B222
0x98c62d86634bb0e3f818efc550e2f33369eae7f3,0xb70f244E2a4C57fd10AA2B4Ea9BAf1e5A6fb175e
0x30fba5f36dd22c81351a5788c3cf59d95f4f6be0,0xa311f2E722121820AA67cFF4e8d1F824bD1740f3
0x249ef45381b29d9955b365c33f202127499b873f,0x0B04675D9e11F9aD0280f7DE3E53bE01a90f8749
0xa1e923892df867fb5cb7575cca2538c394ad1bd9,0xF0eB19960A230129Ca5f6C25f3F5cfEb6887D099
0x80a37f17e494b15bf732c20251f6e1d46176ecff,0x6Ce478053a1e5F74E681d5dc831dF9cE741F9aF4
0x9c542c0b5af5e04e2d1e67cf1fc176e91bc18da0,0x4fC0e6c1AC6eD1c600e57baf304212dc8d98F7Fd
0xda71a321c75a0fe76073384bc52f6d583eaec517,0xC9232c3409A099e828fD3FefF7322F59659D3234
0x6155e994466969851a7f6caa026bbf646f2318bb,0xCFed50e6F87605E9c834b75C22a666EFcD31566C
0x6f8e6ff69935f000b09d182a4739342faeaf0c77,0xBcEdEd13006d981822f07db160D703157dEB112d
0xe8302a78c4eb56ac1cd1d6aee25719dc54c63e59,0x686D6F5215b79252A42B4A41Ea5257009beC44A8
0x1a81539281d80deb1c2a042225be8bd4071c9539,0x1d8b3Cf47E1A79B4aB1e2DcD0313C695e480E407
0x9603a2f3140e684c394a3dfb868cecf3c3c9ab6d,0x513C516A961326650fEd92ECa62Da8431f324207
0xc5dc71962412bf1e1139e7242c45ddfd32630252,0x751e6B3b2B6Dc18f49F87674A56d0712dDa323ed
0x26f5ce98b6e6515e943b53020857ac617662740e,0x6F5ab9A89A843FE1E3553B2Efe91a311568D2408
0x8a95579cae41735ca185b32961e128addd99070b,0x25EcF59932664AFdE01aAE881d1fa3EF25ae736B
0xcea07955542618c180b53f80cecd9481cc70b583,0xE2269F2973c11Cd6D9976B04445390Ae32BCa483
0x5f49e61f127d315ecde1702430ec991daaa9c3bf,0x41dc19C17F37711bC86C130763C1A63637ed5812
0xe44e7bca5c319a35cd612b114b8caac0241dde4c,0x7F7a4eb16412e57fB466eBBE8Add069D92f356E2
0x2632a1ce82fc88f4e0bfcec1f19c6cf60c2e2254,0x5DA5e74e415F24A726C15A69bB533B1f8e5Bc40F
0x69db7f52894fdf96f4384caedd70452939b35233,0x82A6EAb2c5B3508b1Bf13Cb905f934aBad3f269F
0xe075ba4b1dcaf75513118d7aa08a057c658842c9,0x861d6466a08BF0E948c57B762DB0dE240E083672
0x77ecf3c7ac7082344edfee10e41edb72fa3d1951,0x0Dd1d9D813684bcbF127CCA52eCfa686fef1Db0a
0x71d546b10bdee1239ce355fb8157e015f452f73f,0x515F3d99976cD65E685796e961EcfcdCBb792477
0x5d48cb4c473cd7436d9c96e351000b760b5a75d9,0x294FA35b5389DE9b04EC61fF3F8F372f901A9B6E
0x1a1e52beb028f3fafedb34c30657b5cfb72b55df,0xceF2f8F7FfFD79F72651793547F07298146C3B07
0x474df04481f778b46fc71204c72b6a8be396f0ff,0xD3ab7Ee9219EFA53298F7639fBEa54A3460F7240
0x067e453918f2c44d937b05a7ee9dbfb804c54add,0xbb161C8a7128c20CeE5E5E36038213e57d9bbc64
0xeb7919fd55e00b69735e8ab392d0b774f72702c9,0x92b0225EF64c9a7469912B3518A34fe439291e87
0x762bfff5b40353273b4f105065c7e1fa7820dfa5,0x6C7C3bC5E6B2f1a0902Bf3aD8954c7168D0B7b64
0x7b3859147b1c173fff7182e58a4ec81c1d287224,0x23265941b3248211f186034d2DD7aC25dCFBE8C7
0xfa592ae90e407da044602342625aaabbf5d50c22,0xec524636161050CE0dDd7f88D4F4e9d924f493D7
0xbdaccf951c8a219fc69ce8f171a61a3ddaefeb39,0xA00256fDF25AD2a6C33d5B3e4d7c73Ab5310c84c
0x020e468c252ff18261b1996d25f0fff4f830cf7a,0x8856E5602f0c3e0bbBd62c25300612d623ef66F5
0x4fc4ea624db2e4a1d6195a03744d505cbcd9431b,0x8072D7f3A3A6634cab850a83039223e22f20B04B
0xe5f947368c986dfe7a025b9b35dee3e5ac3a330e,0x2273eDFc040019BfA9198A8007F4880b4E18E4C0
0x3d451dd723797b3de938c5b22412032b6452591a,0xC8269fB652e55d2ae6F379718d5eC5a49921607B
0x31dcd357424e2eac02e3e5082f88d7d9a4c687ee,0xE2ae5CDD4e7EB76c1e45ab93508A63455772Ec51
0x670e94d7a79361b8a9b5599301c0f44ae7139d34,0x1490a504E23fC4c622AA09a5432B8B8CAD210297
0x2b66f23c2987597225d36872a52a3d3337386054,0x0F96b40F89E6b4690Ddb94dEc4b428Ac31538561
0x4e957bbc61afdab63263ffdbaf201f6f596e3e2d,0xC9298cBCe08d47323EDBfd2cf28eF26Dccbb21bA
0x18f74450360b9e77ae96101e33d7313ec2992b03,0x01B71E336BC1afEdC1637E1E554FC7d625D08B58
0x88f70764b110a1886c7f965d732ad7c16b2d19ac,0x07981f5776d62Dfc80b1b987cB5f25c51b427247
0x96175160b0406882ab21b7ca06208388144e8a38,0x57A5fdDAdb1d26d0558a55bD11E17F16ebCFbbcb
0x28b5f40c3f5883021408ce79f20fcf282e873236,0xf2e7D6f720B266Bceef81E65388Aebc7D29d1951
0x2fae9f948f07b1b4d2335048dd819d3f457d3fe4,0x6572b41B6DF23C74FB962E556640af0A3EeB709b
0x52f04f639b23792fbcb96a695acacff0173f260b,0x1B7Ab0Bb96FdDa47299Cfb2E89bA399561A7d704
0xb79b6d58efe477e56811da37141ba3186ac64dfa,0x962c4a057beb6528E558944C5455BC3fCcE8602f
0x997490f08b9b99db00657e2b1bbec180cf804a27,0x231b10a19F5215BF218B7604114C0f2dF9Dc17a6
0x2b96ebf0a05ba19be50686f3fb3cc18ab7a1f679,0x0F85a8158dA53d934062889cE63342f0bF9CD5F9
0xc3722118ccf6dba9fe35d8bedb09332c85174d57,0x1a8B884E1E085564a822E7B0442db61be2dCAE7b
0xf68d7b15bf67563db5ed4bde0f61bcca1ee788a8,0xCf75de8F72672Be90FeaF1b396f31E71C0c3747e
0x5b9f5239b10f1d74ea89f88fe3d50db7ecd6e450,0x688eaCd9649fE59C5C5179191500DD61dd817e68
0x1819b44553fa39a983d1c92238e1f18aee30ef51,0xF490274c5731B75F300560A5D4C0c40e28bD8669
0x5e6a5e96616467afc672928c14b16c12f2373c9d,0xD58934DaFe97919633781Ff4Cf97f6F7E5Da3434
0xfdfc6ebdc72e7feeae3a969e6460596b9bbc458d,0x2C4fC2Bd3FC8010f65a1710dFFF2167Cf973dEd2
0xd018838832f6112de72ee6cc9967c56b333a0d1c,0x1332a671a2437a33E07C08A99B067e8b2Ea7f4E2
0x30df835169b99670f6ff4a90cd8ae2ace7a3fe16,0x38A1f35965502daeFAB2E16d1781f79B84A09de9
0xd7aec34bef3596da90cf400b9fbb3521b23c6e16,0xc4f67f281A04f2E4dfA95DDE0288079AcaC551C2
0x4d540ec31f9cc5b1d10a329eb4eddf52cb3dc000,0x20Ec8B699AE4BED7C31e72DA2cA638D3CaEed871
0xa21112df21627887d6c19fe604c6b1ca1617ed5b,0x85DE8453f0483b1e3a7AfdA3046a415d4D1f2666
0x468cf0d49f8d56c88dcc41e4fda1c93983b7235c,0x81637695f3D6DdBcE46c638fe13384dc6325584f
0x92aae14a531086a665daff6eedb5b71e00acc6d1,0x17787195Df7605290AbB400B19Aa562F3e9E5719
0xab6eee9da588d38b43b1d2ea404e824fa2bf382c,0x2cd8D87a274DbE4D652fe7eD0B76d2412B865A5d
0x5f8030deaf2b3a6e133a75b3921a0283bcf2da9e,0x95eecCbc3dC627E8F0c6cB25c1143F2aD8Cf36e7
0x6974359d76ebcf7e98b12709e8f524b9b0523e38,0x1613356995c9085e2E0Af313c09124e678BED2DC
0x1f90ecee7dc0cf02cf3e84e623012a92937b0c46,0x7a09E56aF0e9C0631D84Ff44E8630b530dCacAe9
0xbb59448319755708d06dacaac017308129fffdbb,0x15868524D44f60d9F2aC492A3A803a19d4E0AA5C
0x9eb1d96b5f0bdd3114ea1461182c688178ae6c4c,0xB42A436041faDb55D2F23D7F8e71785A65a0770e
0x0a4dfffc51a8f8588e59c51fee29df42d2364bda,0xbbF31c4E778975EE2400B49802074b0c257DdeA0
0x3791110e54ec99bf7038e8b84dc8dbf297e046b2,0x458F570EE35cC59a42F133C3B296011e13C72B51
0xc3f31488054d26ca5f9d4f8603c9704dbde1fee0,0xb573D8f058A87C5678009B8088f49b2825144725
0xea84331414072fcb7440c693622896d56c2702a7,0x7FA8866D3147ceAB44C199A56db18BB8DcFEd69E
0xc2023e0d13f53d181f29b99d829cd75628337d15,0xf02e1fB0Fe7F3962818Cf3a1301d766A511fF17F
0xd31f30c0548ce9584d63c730493918367fd42b83,0xdfc2F92f29B46aA27AbB729b88603E53F012b7eA
0xfaa0b40645ee5e8d9ae38393e8cdf8e5baa71d13,0xF215beB7F6d29aDba0aeFC2d2d1bE66748e1ACEe
0xbea90ce4ad218c6b5dd7d42f4d63deadbcb0c882,0xdD61FB8D318cCf31c61a9ACe55F7Fc0F3e6fe667
0xdb0625daf57c4b08367349bdbed2a0da069d497f,0x111E7C6a17Ad27f45032C75BF6426958Dcbbc03A
0x602b65795bcc64b2fb329ac004236e194f077158,0xe33E1E211bdF68147b72b91c176f90C7677AaF6B
0x4a7c122ccfdb87fd4a5cd8b571bbb933d43d32ea,0xE14fD33990052991A5Ce3A22bB4b514a894bd17f
0x88c462e6cafbe932a7f07e86d984f0801aa7afb9,0xFba6Dae657f4870B8dFcbd02908b53A9FDBc0535
0x1973bd5f4e3126d6f03d77a8d7e56adca3a8ce0d,0x293d502bf45acf208333644C344fB81F3a9A6fDf
0xaf426c2ef6e5665c54beb4bdaec6d98191f1e350,0x150EE54965E40884fDEEa23B7B5e5B73545F287e
0x5f2e4e239bcd86e1cf97538ea7d5e2ec639a3bc4,0x1a9e8e7f8a7B6400e5C70344842E38ff09e68131
0x244d46d45050e451d0e759b1cfd0b2c08818ca38,0x75aB4096E7C350617117Ad8D14C8bCDAb4744803
0xe570bee58d7a53a30f21a747d6e7ce0f85b38ac8,0x984C56194F2456E19af70bE1E55c30F16d645B9e
0x10d8b2e0eb7888bf034078defe61aaaa7754ca65,0x3D3E223B0f16e3D09f6B5b320422F52ad157bd1D
0xbbc724bdf633287e8bc18ac45800e2ed13877a73,0x39F641c7adeDB946d0670860E45CbcB9bEC4f4dA
0xa2ce5ac9e6437db974bab92faf55d7055b93eee6,0xd8024fb9b07F23A7D172C8d251b055CE0b4b4bB0
0x47b2db6af05a55d42ed0f3731735f9479abf0673,0xe94465d3b1c4DE36EBe3818bC1ee2c63e4Cbf3AE
0xdac0875c3e31a01914aacb26947c27b5adf6ca89,0xf4A096B910Ea62eC56DBD54FF2080B4be00AE309
0xea6916f993571074f3a0b49a67926c9be4667cb6,0x64154253036259694a5ca5bd06F05c9d1aF72c7D
0x17521f6f262b86b9f69566ab0eddbd96d38ff2d7,0x2252fCdEa40B90cf0eD1b09C22914c7ffBb17Bf0
0xd5fb8a8e6e81bc77d7d807c05b5b8aeae7c2a458,0x26994A9545C77EaE9E17A90E444eb228b8D192E4
0xf0b25502595911b64de75f453b34557c1b2c4760,0x24a8A579f2c1613780ea029e6Fc85b7d2b586c6b
0x34fa6dc978f57263ef192b2d11b0ade827fb4c9c,0x71232F5e2Fd62c51F8a4580E33ef37Ac709514ac
0x6b5fd8d5c972ee08a907bcebf3fd837735d05576,0x7b768148C6232498FA67C7B38c63D2cb011713DD
0x7dbb949346aeda9233218831455d57eb8344af82,0xAe993DE006348D86324D7A7385898C9c81D4b612
0x233c06edc757003ca4ec078012f517f21a24c55c,0xf97d6664f5F8A0601fd113A19A38F51f1bA3CBf0
0xab0c16bbd78d6b9f4503d81d859a3ffb64486f9a,0x6BCce464b92678f8Cd19B001F16F839BaC30C09d
0x83f7b58f2853cb7651790da9b146e1d3a5d2c75a,0x429fEe5BFD19B84304bb6E35A606C5d9393304Ee
0x1e554ac038114c0a69834be928fb95e5aaf18950,0x594e430843F01881e1cFa55E5457aCCA278c6876
0xacdf897493a6000dbe256791e8a2becbb405fd4f,0x44EEcfc3eCa752254dBbc44ac037c7641f206d17
0x6cf4bb9ff947610944c6d8e0e5ea26b1dea73196,0xcDe0c50fF41cDD3dd22457853D9C0b4c0C35dFE3
0x9018f223b37bee553721ed0bc93435239129c8e6,0x2b3862D8fd8Fb655c4Eea5faF538701E08f22e6E
0x4fded829df5d819ac70e961c876948501fe67b5e,0x3F6AFF9260B4C7210dE50B476Dd989ee1b3599E7
0x95ae59515915d6c493a846ae022f93726652b50a,0x36F669B1C347CB52Df8fa9e8FDE0b3061170669e
0x869c3612c54af3f2a41dde5da77e6797cf956e0d,0x4F04602BA4240037Afb197783923859c34032cE4
0x4b660f16f5d89aefaca3c78e54275e8cd160c766,0xe3652a0353dCED174d3885E3091426e2d0969b38
0x822d6b9bba2a3e460f3ab45faaed98993522a8f0,0x80e370e636A6c29e77f3885F4BD46cB9159b672E
0x28a62d2f5f319eae85421d2c783620f00eaa792e,0xC728bCe5b1D1c0a3441f2Bc02CADFa067014b89d
0xadbe75cbd14f92ba2d233b6b81e80d4634fabb2a,0xee05E166595153409646F60975Ec36939947334f
0x1d511366feb1ed330925b2d51645bb5c607ea6d4,0xeaF3D17c3eE5944FBb177a0dB9c716F0f1aE27F5
0xcf09f004f2570e5fa5d5403e62e4b1ab3704f829,0xe1180c3040E84e55c5ddBba602F34FF0b875c218
0x1ee3434e360baaa9f0f693e15aafb2985513177a,0x4D9513dc2D5D568bd0947efb046CfE0a772788f4
0xc4e6c30e31fbe825bed5d0f03a4612badd743fb8,0xa26F09F5d5ae5475577737F19c9763A94A7f82D6
0x580f29ab04b7ed4e5aa86584d38c9317d9cf0358,0x3Ca536b532D00529d1B37f68137F011F2D1d2CeE
0x472b5caadef3d79eb786cde75d5351584cb12e54,0xb0C79811Fc3Ab7f297f417b70F9eDcd09249a921
0x1901e33fc0c9da7515d98d0cc152b6f40565189f,0xC43552CbC962c6e96498f3a1C0f50eF99Ba885e4
0xf2aadf8ff2ad7e5c1efb0d45cb622618ba6636a7,0xf1014E08113bd8729D3D1657D883fe7EF4EA8897
0x1ab89fa8bdbd48f4426379abeb59803dd5283e3f,0xce2a38595a416e7f0f6eC9F86E4C5c3d28400C20
0xa3d3bc7ae0ebe35a79a571d7f2400078afeae3aa,0x68C2688D9A44058b1e65842DC8DA883fe51dc270
0xb7eb6bbdfa555a1065374b4a1aa2bc446a05f442,0xb98ED7262e8167aAC4909c03b06c66d001353564
0xebe9c48d7fe2238c8dcb44472accbe63380a9ae4,0x4670F4111bE6ADB4C778a118e595FBbcfd94c12C
0x6720d622642ba14d607f3cb0ad9cd7c47ead145c,0xF8BAcd2c1Fbcf499E0447051Fc2B9Cfe87e64b13
0xed32008db382d078babb0eb6f91df0207d909899,0x6a13418FF07d38aF9EF3321C851F27A6297b377d
0xdf9121affb220e9095c875a79c3d1fa3ebee4105,0xF5b00aEdB4ADE45b887C0a8Fb29Bde13eCF32f25
0xe34cd052e59ff830b286a125c52dde568ac8bd48,0xC7FEC61bA8B33a28567eB7451430718CF8e4696B
0x394b846e0ecf83ef350a2a7ccb7be0c6552e7cbc,0x700c6Be68FEC4d1B6ADe38076921d79e4d39891B
0xb5c5e8039a28540175f876bdd7205c52d10b2be2,0x551c2B64bFa849Fa70b6f6A99e40cB2D4499779a
0xeee0442e86a64dd7326aa4d916f3bb7f9199d445,0xbf9812803327a7421b6AB629e22f7AeAdE60c814
0xffb9f456d3eef70ab79c58ea9b038513139612c8,0xFaEb057F1dE94b76DD717f38f06C4560c360aFB5
0x007722fdfa83dc997623617a4617014c2452502b,0x16eB996cf593fe80372bdE518eA3E16b397B89e2
0xc229aea91c389b0dbf87962b58ff13d808bdcb54,0x23C9Ec8BDa9504D1EdA368D651467EE3fEf2dff0
